Time,Heart,Cog,EyeY,EyeP,EyeR,HeadY,HeadP,HeadR,FullY,FullP,FullR
0.3113, 0, 0.000,    4.51,    2.29,    0.09,    1.42,    3.75,    0.62,    5.98,    5.98,    1.01
0.3422, 0, 0.000,    9.35,    2.40,    0.20,    1.80,    4.02,    0.29,   11.20,    6.33,    1.14
0.3898, 0, 0.000,    8.12,    2.01,    0.14,    3.30,    4.59,   -0.20,   11.46,    6.58,    0.59
0.4896, 0, 0.000,    5.80,    2.66,    0.13,    4.63,    2.96,    0.32,   10.47,    5.57,    0.75
0.5899, 0, 0.000,  135.00,   35.26,   75.00,    3.87,    3.58,   -0.84,  140.99,   33.27,   78.73
0.6897, 0, 0.000,    1.43,    4.73,    0.06,    4.12,    3.20,   -0.93,    5.48,    7.95,   -0.80
0.7889, 0, 0.000,   -1.92,    6.99,   -0.12,    3.64,    2.99,   -0.70,    1.62,    9.95,   -0.93
0.8893, 0, 0.000,  135.00,   35.26,   75.00,    4.40,    2.81,   -0.14,  140.82,   33.35,   77.50
0.9898, 0, 0.000,    6.78,    5.41,    0.32,    2.92,    2.28,    0.17,    9.74,    7.65,    0.76
1.0892, 0, 0.000,    7.83,    6.15,    0.42,    2.23,    2.35,    0.38,   10.14,    8.43,    1.13
1.1894, 0, 0.000,  135.00,   35.26,   75.00,    4.26,    2.85,   -0.26,  140.75,   33.40,   77.64
1.2893, 0, 0.000,   13.39,   -5.81,   -0.68,    8.30,    3.04,    0.18,   21.62,   -2.90,    0.20
1.3892, 0, 0.000,   12.75,   -8.77,   -0.98,   11.07,    2.50,    0.45,   23.68,   -6.43,    0.01
1.4891, 0, 0.000,  135.00,   35.26,   75.00,   10.77,    2.28,   -0.97,  147.37,   34.31,   77.78
1.5890, 0, 0.000,    6.07,    0.74,    0.04,   10.58,    0.25,   -2.06,   16.62,    1.21,   -1.98
1.6891, 0, 0.000,    6.16,  -11.45,   -0.62,   10.68,    0.48,   -1.39,   17.11,  -10.82,   -1.97
1.7890, 0, 0.000,    7.69,  -11.76,   -0.79,    9.43,    0.09,    0.18,   17.07,  -11.69,   -0.60
1.8892, 0, 0.000,    9.65,   -9.72,   -0.82,    7.26,   -0.62,    2.01,   16.58,  -10.65,    1.08
1.9891, 0, 0.000,   10.91,   -8.18,   -0.78,    7.64,   -1.71,    1.82,   18.34,  -10.20,    0.70
2.0889, 0, 0.000,    0.17,   -3.39,   -0.00,    9.04,   -1.88,    1.15,    9.14,   -5.27,    1.15
2.1889, 0, 0.000,  135.00,   35.26,   75.00,    7.75,   -1.66,    0.73,  141.55,   35.90,   72.91
2.2892, 0, 0.000,  135.00,   35.26,   75.00,    7.27,   -1.96,    1.94,  140.35,   35.23,   71.62
2.3890, 0, 0.000,  135.00,   35.26,   75.00,    7.49,   -1.91,    0.77,  141.14,   36.05,   72.66
2.4891, 0, 0.000,  135.00,   35.26,   75.00,    8.12,   -1.09,    0.51,  142.32,   35.67,   73.61
2.5895, 0, 0.000,    9.74,    4.17,    0.36,    7.90,   -0.40,   -0.24,   17.62,    3.81,    0.05
2.6891, 0, 0.000,    9.16,    4.66,    0.37,    9.18,   -1.57,   -0.62,   18.27,    3.20,   -0.49
2.7896, 0, 0.000,  135.00,   35.26,   75.00,   11.20,   -3.88,   -0.40,  144.32,   38.25,   71.87
2.8898, 0, 0.000,    7.10,    6.85,    0.43,   11.07,   -2.91,    1.36,   18.30,    3.79,    1.42
2.9893, 0, 0.000,  135.00,   35.26,   75.00,    9.65,   -2.15,    2.87,  142.22,   34.68,   70.68
3.0895, 0, 0.000,    7.82,    5.50,    0.38,    9.82,   -3.54,    2.84,   17.87,    1.60,    2.71
3.1896, 0, 0.000,    8.48,    6.61,    0.49,    9.25,   -4.25,    3.66,   18.08,    1.86,    3.48
3.2895, 0, 0.000,    6.16,    7.74,    0.42,    7.47,   -4.21,    3.99,   14.11,    3.12,    3.92
3.3895, 0, 0.000,    6.68,    7.45,    0.44,    7.60,   -3.50,    3.24,   14.64,    3.59,    3.24
3.4894, 0, 0.000,    8.29,    6.64,    0.48,    9.34,   -2.85,    3.13,   17.94,    3.37,    3.17
3.5895, 0, 0.000,    0.72,    6.28,    0.04,    9.56,   -2.56,    3.92,   10.70,    3.65,    3.93
3.6890, 0, 0.000,    3.82,    6.09,    0.20,   10.06,   -2.43,    3.76,   14.25,    3.41,    3.80
3.7895, 0, 0.000,    3.30,    6.76,    0.20,    9.96,   -2.36,    5.69,   13.90,    4.04,    5.75
3.8894, 0, 0.000,    3.93,    5.71,    0.20,    8.50,   -1.16,    4.67,   12.88,    4.21,    4.79
3.9894, 0, 0.000,  135.00,   35.26,   75.00,    7.00,   -0.85,    3.59,  139.91,   33.27,   71.24
4.0894, 0, 0.000,   10.17,    5.28,    0.47,    6.76,   -1.22,    2.96,   17.17,    3.55,    3.17
4.1898, 0, 0.000,   10.76,    5.22,    0.49,    7.07,   -1.70,    2.86,   18.05,    3.01,    2.99
4.2894, 0, 0.000,    7.57,    5.80,    0.38,    7.91,   -1.71,    2.72,   15.72,    3.74,    2.86
4.3895, 0, 0.000,    9.67,    4.99,    0.42,    7.91,   -1.73,    2.76,   17.79,    2.82,    2.85
4.4893, 0, 0.000,    9.59,    5.09,    0.43,    7.68,   -1.44,    2.05,   17.42,    3.32,    2.21
4.5891, 0, 0.000,    9.91,    5.16,    0.45,    8.03,   -0.64,    0.73,   17.99,    4.40,    1.06
4.6892, 0, 0.000,    9.81,    3.91,    0.34,    6.40,    0.47,   -0.83,   16.16,    4.51,   -0.40
4.7894, 0, 0.000,   12.67,    3.13,    0.35,    5.44,   -0.57,   -2.04,   17.98,    3.02,   -1.77
4.8897, 0, 0.000,   10.97,    3.43,    0.33,    6.48,    0.69,   -1.36,   17.38,    4.37,   -0.87
4.9889, 0, 0.000,   -0.81,    4.36,   -0.03,    6.73,    0.27,    0.26,    5.94,    4.63,    0.22
5.0895, 0, 0.000,    0.04,    5.03,    0.00,    6.30,   -0.89,    0.76,    6.41,    4.14,    0.76
5.1895, 0, 0.000,    0.66,    5.96,    0.03,    5.29,   -1.43,    0.51,    6.01,    4.52,    0.53
5.2895, 0, 0.000,    2.29,    6.42,    0.13,    5.04,   -1.43,   -1.14,    7.19,    5.03,   -1.08
5.3893, 0, 0.000,  135.00,   35.26,   75.00,    7.95,   -1.30,   -3.31,  144.00,   38.51,   76.81
5.4895, 0, 0.000,  135.00,   35.26,   75.00,   11.30,   -1.37,   -1.98,  146.60,   37.64,   75.54
5.5894, 0, 0.000,  135.00,   35.26,   75.00,   13.04,   -1.48,   -0.91,  147.73,   36.95,   74.49
5.6894, 0, 0.000,  135.00,   35.26,   75.00,   13.46,   -2.26,   -0.75,  147.65,   37.39,   73.65
5.7893, 0, 0.000,    1.43,   -4.60,   -0.06,   12.68,   -2.44,   -1.18,   14.20,   -7.01,   -1.31
5.8891, 0, 0.000,   -5.45,    6.62,   -0.32,   11.58,   -2.97,   -1.35,    6.00,    3.53,   -1.38
5.9894, 0, 0.000,   -4.20,    6.75,   -0.25,   10.82,   -2.34,   -0.76,    6.56,    4.37,   -0.84
6.0896, 0, 0.000,   -3.89,    6.03,   -0.20,   10.97,   -2.06,   -0.70,    7.02,    3.93,   -0.76
6.1894, 0, 0.000,   -4.09,    6.67,   -0.24,   10.50,   -2.64,   -0.47,    6.37,    4.00,   -0.52
6.2894, 0, 0.000,   -3.59,    6.16,   -0.19,   10.53,   -2.71,   -0.96,    6.86,    3.39,   -0.98
6.3894, 0, 0.000,   -3.14,    5.04,   -0.14,   11.12,   -2.51,   -1.61,    7.85,    2.44,   -1.60
6.4890, 0, 0.000,   -4.81,    6.41,   -0.27,   11.61,   -2.03,   -2.39,    6.56,    4.18,   -2.49
6.5897, 0, 0.000,   -4.77,    5.31,   -0.22,   11.56,   -2.15,   -2.13,    6.61,    2.98,   -2.17
6.6897, 0, 0.000,   -5.65,    5.35,   -0.26,   11.33,   -0.29,   -1.91,    5.51,    4.87,   -2.15
6.7894, 0, 0.000,   -2.86,    0.19,   -0.00,   11.48,    0.43,   -2.09,    8.61,    0.52,   -2.12
6.8898, 0, 0.000,   -4.14,    3.71,   -0.13,    9.64,    1.49,   -1.75,    5.38,    5.06,   -2.00
6.9895, 0, 0.000,   -3.31,    3.17,   -0.09,    8.60,    1.36,   -2.71,    5.14,    4.37,   -2.88
7.0894, 0, 0.000,   -2.40,    3.44,   -0.07,    9.03,    0.78,   -3.17,    6.44,    4.08,   -3.28
7.1897, 0, 0.000,   -2.23,    3.06,   -0.06,    9.88,    0.31,   -3.09,    7.49,    3.25,   -3.16
7.2894, 0, 0.000,  135.00,   35.26,   75.00,    9.94,   -0.04,   -2.61,  146.29,   37.12,   77.28
7.3896, 0, 0.000,  135.00,   35.26,   75.00,    9.29,   -0.10,   -2.17,  145.36,   36.85,   76.83
7.4889, 0, 0.000,   -2.97,    4.25,   -0.11,    9.32,    0.09,   -2.29,    6.19,    4.21,   -2.41
7.5895, 0, 0.000,    3.59,   -6.45,   -0.20,    9.55,    0.13,   -2.24,   13.39,   -6.18,   -2.44
7.6893, 0, 0.000,    0.91,   -1.71,   -0.01,    9.59,   -0.30,   -2.15,   10.56,   -1.97,   -2.17
7.7895, 0, 0.000,    0.84,   -1.19,   -0.01,    9.39,   -0.33,   -1.85,   10.26,   -1.50,   -1.86
7.8896, 0, 0.000,   -0.17,    0.07,   -0.00,    9.58,   -0.17,   -1.60,    9.41,   -0.10,   -1.60
7.9894, 0, 0.000,    0.63,   -1.36,   -0.01,    9.61,   -0.39,   -1.38,   10.27,   -1.73,   -1.40
8.0895, 0, 0.000,   -4.26,    4.62,   -0.17,    9.48,   -0.45,   -1.14,    5.13,    4.08,   -1.28
8.1895, 0, 0.000,   -3.41,    3.99,   -0.12,    9.32,   -0.51,   -1.22,    5.83,    3.41,   -1.30
8.2897, 0, 0.000,   -0.00,   -0.31,    0.00,    9.46,   -0.50,   -1.30,    9.46,   -0.81,   -1.30
8.3894, 0, 0.000,   -0.25,    0.01,   -0.00,    9.47,   -0.64,   -1.28,    9.22,   -0.64,   -1.28
8.4894, 0, 0.000,   -3.43,    4.48,   -0.13,    9.25,   -0.77,   -1.19,    5.73,    3.64,   -1.28
8.5895, 0, 0.000,    0.12,   -0.76,   -0.00,    9.25,   -0.83,   -1.14,    9.38,   -1.59,   -1.15
8.6896, 0, 0.000,    0.11,   -0.52,   -0.00,    9.32,   -0.81,   -1.05,    9.44,   -1.32,   -1.06
8.7894, 0, 0.000,   -0.63,    0.81,   -0.00,    9.29,   -0.62,   -1.10,    8.65,    0.17,   -1.10
8.8888, 0, 0.000,   -0.19,    0.36,   -0.00,    9.29,   -0.68,   -1.11,    9.09,   -0.33,   -1.10
8.9895, 0, 0.000,   -0.50,    0.87,   -0.00,    9.22,   -0.78,   -1.13,    8.70,    0.08,   -1.12
9.0897, 0, 0.000,   -0.56,    0.56,   -0.00,    9.21,   -0.73,   -1.11,    8.64,   -0.18,   -1.10
9.1897, 0, 0.000,    0.03,   -0.29,   -0.00,    9.15,   -0.82,   -1.10,    9.19,   -1.11,   -1.10
9.2894, 0, 0.000,    0.37,   -0.70,   -0.00,    9.10,   -0.89,   -1.04,    9.48,   -1.59,   -1.05
9.3897, 0, 0.000,   -0.40,    0.33,   -0.00,    9.05,   -0.88,   -1.04,    8.65,   -0.56,   -1.03
9.4894, 0, 0.000,    0.06,   -0.22,   -0.00,    9.11,   -0.86,   -1.09,    9.18,   -1.08,   -1.09
9.5896, 0, 0.000,   -0.05,   -0.04,    0.00,    9.19,   -0.93,   -1.14,    9.14,   -0.97,   -1.14
9.6896, 0, 0.000,   -0.19,   -0.22,    0.00,    9.27,   -1.04,   -1.09,    9.09,   -1.26,   -1.09
9.7895, 0, 0.000,   -3.48,    4.68,   -0.14,    9.28,   -1.05,   -1.18,    5.71,    3.56,   -1.26
9.8895, 0, 0.000,   -0.55,   -0.51,    0.00,    9.40,   -0.91,   -1.36,    8.87,   -1.44,   -1.35
9.9892, 0, 0.000,   -3.04,    2.85,   -0.08,    9.42,   -0.93,   -1.43,    6.32,    1.85,   -1.45
10.0892, 0, 0.000,   -0.69,   -0.66,    0.00,    9.40,   -0.97,   -1.37,    8.73,   -1.65,   -1.36
10.1894, 0, 0.000,   -0.84,   -0.35,    0.00,    9.35,   -0.95,   -1.33,    8.52,   -1.32,   -1.32
10.2887, 0, 0.000,   -0.92,    0.85,   -0.01,    9.41,   -0.98,   -1.62,    8.47,   -0.15,   -1.61
10.3895, 0, 0.000,    0.31,   -0.76,   -0.00,    9.30,   -0.87,   -2.20,    9.64,   -1.62,   -2.21
10.4894, 0, 0.000,   -0.82,    0.30,   -0.00,    9.30,   -0.91,   -1.93,    8.48,   -0.64,   -1.92
10.5892, 0, 0.000,   -0.07,   -0.63,    0.00,    9.24,   -1.03,   -1.81,    9.19,   -1.66,   -1.81
10.6895, 0, 0.000,   -3.32,    4.14,   -0.12,    9.22,   -1.12,   -1.63,    5.79,    2.93,   -1.68
10.7893, 0, 0.000,  135.00,   35.26,   75.00,    9.17,   -1.20,   -1.45,  144.29,   37.14,   75.22
10.8895, 0, 0.000,   -4.19,    4.83,   -0.18,    9.11,   -1.29,   -1.38,    4.81,    3.45,   -1.46
10.9893, 0, 0.000,   -0.83,    0.81,   -0.01,    9.14,   -1.28,   -1.34,    8.29,   -0.49,   -1.32
11.0895, 0, 0.000,    1.40,   -2.76,   -0.03,    9.16,   -1.34,   -1.27,   10.63,   -4.07,   -1.34
11.1895, 0, 0.000,    0.68,   -1.48,   -0.01,    9.12,   -1.49,   -1.14,    9.82,   -2.95,   -1.17
11.2887, 0, 0.000,    0.59,   -1.15,   -0.01,    9.15,   -1.53,   -0.94,    9.76,   -2.67,   -0.96
11.3892, 0, 0.000,   -0.39,    0.49,   -0.00,    9.34,   -1.50,   -0.85,    8.94,   -1.02,   -0.84
11.4896, 0, 0.000,   -1.98,    1.47,   -0.03,    9.46,   -1.33,   -0.76,    7.47,    0.12,   -0.74
11.5894, 0, 0.000,   -1.48,    1.03,   -0.01,    9.30,   -1.01,   -0.56,    7.81,    0.01,   -0.55
11.6887, 0, 0.000,   -1.73,    1.06,   -0.02,    9.35,   -0.28,   -0.16,    7.62,    0.78,   -0.17
11.7895, 0, 0.000,    0.01,   -1.24,   -0.00,    9.52,    0.10,   -0.01,    9.53,   -1.14,   -0.01
11.8893, 0, 0.000,   -0.67,   -1.11,    0.01,    9.43,    0.34,    0.02,    8.76,   -0.76,    0.03
11.9895, 0, 0.000,   -1.70,    0.47,   -0.01,    9.36,    0.22,   -0.05,    7.66,    0.69,   -0.06
12.0895, 0, 0.000,   -4.28,    3.89,   -0.15,    9.48,    0.11,   -0.24,    5.18,    3.98,   -0.40
12.1895, 0, 0.000,   -0.33,   -1.65,    0.00,    9.58,    0.08,   -0.35,    9.27,   -1.57,   -0.34
12.2893, 0, 0.000,   -0.61,   -1.09,    0.01,    9.58,    0.06,   -0.61,    8.98,   -1.04,   -0.61
12.3895, 0, 0.000,   -0.57,   -1.35,    0.01,    9.81,    0.11,   -1.00,    9.26,   -1.25,   -0.99
12.4893, 0, 0.000,   -1.25,   -0.33,    0.00,   10.05,   -0.11,   -1.12,    8.81,   -0.47,   -1.11
12.5895, 0, 0.000,   -3.20,    2.34,   -0.07,   10.03,   -0.22,   -1.02,    6.79,    2.07,   -1.08
12.6895, 0, 0.000,   -1.52,   -0.24,    0.00,   10.00,   -0.15,   -0.94,    8.48,   -0.42,   -0.93
12.7895, 0, 0.000,   -0.86,   -1.11,    0.01,    9.92,   -0.20,   -0.81,    9.07,   -1.31,   -0.80
12.8892, 0, 0.000,   -1.22,   -0.35,    0.00,    9.97,   -0.37,   -0.71,    8.76,   -0.73,   -0.69
12.9896, 0, 0.000,   -0.65,   -1.36,    0.01,   10.08,   -0.52,   -0.68,    9.45,   -1.88,   -0.67
13.0887, 0, 0.000,   -0.85,   -1.16,    0.01,    9.97,   -0.50,   -0.70,    9.13,   -1.67,   -0.68
13.1894, 0, 0.000,   -0.72,   -1.09,    0.01,    9.80,   -0.54,   -0.59,    9.09,   -1.64,   -0.58
13.2887, 0, 0.000,   -4.13,    3.52,   -0.13,    9.81,   -0.49,   -0.63,    5.65,    2.98,   -0.72
13.3888, 0, 0.000,   -2.28,    0.89,   -0.02,    9.85,   -0.47,   -0.63,    7.56,    0.39,   -0.63
13.4897, 0, 0.000,   -0.38,   -1.71,    0.01,    9.53,   -0.43,   -0.61,    9.16,   -2.14,   -0.61
13.5897, 0, 0.000,   -4.44,    3.94,   -0.15,    9.52,   -0.25,   -0.67,    5.03,    3.64,   -0.80
13.6890, 0, 0.000,   -0.70,   -1.11,    0.01,    9.66,   -0.31,   -0.72,    8.98,   -1.43,   -0.71
13.7894, 0, 0.000,   -0.48,   -1.38,    0.01,    9.59,   -0.42,   -0.76,    9.14,   -1.80,   -0.75
13.8895, 0, 0.000,   -0.54,   -1.27,    0.01,    9.41,   -0.42,   -0.67,    8.89,   -1.69,   -0.66
13.9896, 0, 0.000,   -0.42,   -1.47,    0.01,    9.51,   -0.37,   -0.60,    9.11,   -1.85,   -0.59
14.0894, 0, 0.000,   -0.56,   -1.32,    0.01,    9.64,   -0.36,   -0.55,    9.10,   -1.68,   -0.54
14.1894, 0, 0.000,   -1.71,    0.07,   -0.00,    9.52,   -0.43,   -0.54,    7.81,   -0.37,   -0.53
14.2888, 0, 0.000,   -3.60,    2.60,   -0.08,    9.57,   -0.42,   -0.61,    5.95,    2.14,   -0.67
14.3887, 0, 0.000,   -0.92,   -0.75,    0.01,    9.61,   -0.44,   -0.57,    8.70,   -1.20,   -0.56
14.4895, 0, 0.000,   -0.52,   -1.38,    0.01,    9.56,   -0.32,   -0.64,    9.06,   -1.70,   -0.63
14.5904, 65, 0.000,   -5.08,    3.66,   -0.16,    9.61,   -0.28,   -0.67,    4.48,    3.32,   -0.81
14.6896, 65, 0.000,   -0.78,   -1.44,    0.01,    9.58,   -0.40,   -0.68,    8.82,   -1.85,   -0.67
14.8153, 65, 0.000,   -2.51,    1.61,   -0.04,    9.60,   -0.41,   -0.73,    7.08,    1.16,   -0.74
14.8893, 65, 0.000,   -1.79,    0.59,   -0.01,    9.63,   -0.49,   -0.79,    7.83,    0.08,   -0.78
14.9896, 65, 0.000,   -0.74,   -1.12,    0.01,    9.69,   -0.49,   -0.83,    8.96,   -1.62,   -0.81
15.0895, 65, 0.000,   -2.53,    1.03,   -0.02,    9.68,   -0.42,   -0.82,    7.14,    0.58,   -0.82
15.1893, 65, 0.000,   -0.71,   -1.37,    0.01,    9.62,   -0.40,   -0.82,    8.93,   -1.78,   -0.81
15.2892, 65, 0.000,   -0.58,   -1.37,    0.01,    9.63,   -0.39,   -0.82,    9.07,   -1.78,   -0.81
15.3896, 65, 0.000,   -0.91,   -0.69,    0.01,    9.63,   -0.39,   -0.84,    8.73,   -1.09,   -0.82
15.4893, 65, 0.000,   -4.88,    4.47,   -0.19,    9.58,   -0.37,   -0.85,    4.64,    4.03,   -1.01
15.5891, 65, 0.000,   -1.07,   -0.42,    0.00,    9.56,   -0.44,   -0.85,    8.49,   -0.87,   -0.84
15.6914, 65, 0.000,   -0.73,   -0.89,    0.01,    9.47,   -0.47,   -0.86,    8.76,   -1.37,   -0.85
15.7912, 65, 0.000,   -1.11,   -0.38,    0.00,    9.51,   -0.44,   -0.88,    8.40,   -0.83,   -0.87
15.8913, 65, 0.000,    2.32,    4.82,    0.10,   10.08,   -0.49,   -0.87,   12.32,    4.36,   -0.80
15.9915, 65, 0.000,   12.46,   -0.55,   -0.06,   11.78,   -0.63,   -0.88,   24.24,   -0.98,   -1.05
16.0912, 65, 0.000,   -0.17,    4.64,   -0.01,   14.06,   -0.72,   -0.86,   13.82,    3.92,   -0.87
16.1928, 65, 0.000,    4.77,    4.05,    0.17,   16.94,   -0.98,   -0.84,   21.64,    3.15,   -0.75
16.2925, 65, 0.000,    8.09,    2.08,    0.15,   20.67,   -1.26,   -0.55,   28.73,    0.91,   -0.58
16.3926, 65, 0.000,   17.00,   -4.10,   -0.61,   25.10,   -1.75,   -0.21,   42.16,   -5.71,   -1.33
16.4956, 65, 0.000,   11.94,   -0.05,   -0.01,   30.91,   -2.41,    0.13,   42.86,   -2.44,   -0.37
16.5956, 65, 0.000,   12.33,    5.83,    0.63,   37.20,   -2.88,    0.06,   49.49,    3.00,    0.08
16.6955, 65, 0.000,   11.32,    2.32,    0.23,   42.88,   -3.40,   -0.30,   54.18,   -0.96,   -0.73
16.7956, 65, 0.000,   11.45,    3.67,    0.37,   47.71,   -3.75,   -0.66,   59.09,    0.13,   -1.02
16.8958, 65, 0.000,    9.00,    7.83,    0.62,   51.30,   -3.49,   -0.79,   60.13,    4.50,   -0.71
16.9954, 65, 0.000,    6.59,    7.52,    0.43,   52.58,   -3.13,   -1.01,   59.01,    4.52,   -0.93
17.0953, 65, 0.000,    6.26,    7.41,    0.41,   52.43,   -2.93,   -1.23,   58.50,    4.62,   -1.14
17.1951, 65, 0.000,    7.25,    6.52,    0.41,   52.44,   -2.75,   -1.29,   59.51,    3.95,   -1.22
17.2953, 65, 0.000,    7.38,    6.69,    0.43,   51.66,   -2.81,   -1.34,   58.85,    4.07,   -1.26
17.3952, 65, 0.000,  -12.00,    6.76,   -0.71,   49.03,   -2.89,   -1.54,   36.92,    3.61,   -1.62
17.4953, 65, 0.000,   -8.29,    6.74,   -0.49,   44.18,   -2.24,   -1.93,   35.70,    4.24,   -2.08
17.5958, 65, 0.000,  -24.77,    7.48,   -1.64,   36.77,   -1.55,   -2.61,   11.78,    4.97,   -3.37
17.6954, 65, 0.000,  -19.17,    5.83,   -0.99,   29.33,   -1.34,   -2.91,    9.93,    3.61,   -3.30
17.7952, 65, 0.000,  -21.17,    5.61,   -1.05,   23.29,   -0.82,   -2.76,    1.90,    3.85,   -3.33
17.8957, 65, 0.000,  -15.20,    4.94,   -0.66,   17.74,   -0.21,   -2.17,    2.37,    4.17,   -2.70
17.9953, 65, 0.000,  -13.37,    4.59,   -0.54,   11.03,    0.02,   -1.97,   -2.48,    4.15,   -2.46
18.0952, 65, 0.000,  -13.61,    5.21,   -0.62,    3.82,    0.28,   -1.87,   -9.95,    5.04,   -2.51
18.1957, 65, 0.000,  -14.48,    4.84,   -0.62,   -3.42,    0.55,   -1.54,  -18.03,    4.99,   -2.25
18.2969, 65, 0.000,  -18.54,    4.50,   -0.73,  -11.90,    0.44,   -1.50,  -30.55,    4.44,   -2.30
18.3971, 65, 0.000,  -10.33,    4.61,   -0.42,  -20.35,   -0.03,   -1.20,  -30.77,    4.36,   -1.59
18.4970, 65, 0.000,  -22.06,    3.71,   -0.72,  -27.22,   -0.46,   -1.10,  -49.33,    2.87,   -1.58
18.5962, 65, 0.000,  -16.30,    4.22,   -0.61,  -33.17,   -0.33,   -1.06,  -49.53,    3.61,   -1.53
18.6961, 65, 0.000,  -20.07,    5.59,   -0.99,  -39.16,   -0.10,   -0.94,  -59.31,    5.18,   -1.84
18.7964, 65, 0.000,  -15.02,    4.54,   -0.60,  -43.81,    0.39,   -1.06,  -58.92,    4.64,   -1.73
18.8971, 65, 0.000,  -11.55,    4.29,   -0.43,  -45.87,    0.87,   -0.96,  -57.50,    4.95,   -1.55
18.9964, 65, 0.000,   -6.43,    3.79,   -0.21,  -45.06,    1.18,   -0.81,  -51.55,    4.88,   -1.15
19.0971, 65, 0.000,  -10.80,    4.46,   -0.42,  -41.27,    1.46,   -0.53,  -52.14,    5.80,   -1.22
19.1963, 65, 0.000,   17.33,    2.76,    0.42,  -32.18,    2.06,    0.30,  -14.79,    4.64,    1.32
19.2962, 65, 0.000,   12.56,    2.81,    0.31,  -20.69,    2.39,    1.13,   -8.04,    4.90,    1.93
19.3963, 65, 0.000,   23.21,    3.23,    0.66,   -9.19,    2.54,    1.26,   14.16,    5.06,    2.83
19.4967, 65, 0.000,   13.52,    1.44,    0.17,    0.03,    2.79,    1.06,   13.60,    3.90,    1.86
19.5970, 59, 0.000,   12.22,    0.25,    0.03,    6.25,    3.83,    1.10,   18.50,    3.77,    1.92
19.6962, 59, 0.000,   -0.36,    0.95,   -0.00,    9.87,    3.42,    0.50,    9.52,    4.37,    0.47
19.7961, 59, 0.000,   -4.36,    1.20,   -0.05,    9.34,    3.07,    0.04,    4.97,    4.26,   -0.24
19.8962, 59, 0.000,    6.92,    1.11,    0.07,    8.14,    2.45,   -0.13,   15.07,    3.56,    0.24
19.9962, 59, 0.000,    4.84,    2.09,    0.09,    8.17,    1.89,   -0.32,   13.01,    4.00,   -0.07
20.0961, 59, 0.000,  135.00,   35.26,   75.00,    9.16,    1.79,   -0.36,  145.21,   34.24,   76.84
20.1962, 59, 0.000,    7.94,    1.41,    0.10,    9.54,    1.63,   -0.45,   17.47,    3.08,   -0.13
20.2965, 59, 0.000,    3.76,    2.16,    0.07,    9.44,    0.62,   -0.44,   13.19,    2.81,   -0.33
20.3963, 59, 0.000,    8.02,   -1.60,   -0.11,    9.56,   -4.54,   -0.12,   17.62,   -6.08,   -0.86
20.4967, 59, 0.000,   -0.12,    4.91,   -0.01,    9.95,  -11.77,    0.16,    9.84,   -6.86,    0.17
20.5962, 59, 0.000,    5.04,    2.74,    0.12,   10.31,  -18.12,    0.13,   15.54,  -15.32,   -1.38
20.6963, 59, 0.000,    5.66,    7.76,    0.38,    9.87,  -23.58,    0.05,   15.70,  -15.71,   -1.91
20.7970, 59, 0.000,    6.58,    5.94,    0.34,    9.10,  -27.29,    0.05,   16.13,  -21.17,   -2.84
20.8969, 59, 0.000,    2.85,    9.02,    0.22,    8.83,  -29.35,    0.00,   11.83,  -20.30,   -1.26
20.9963, 59, 0.000,    3.57,   10.12,    0.32,    9.08,  -29.47,   -0.06,   12.80,  -19.29,   -1.60
21.0968, 59, 0.000,    1.98,    8.85,    0.15,    9.72,  -26.35,   -0.18,   11.74,  -17.48,   -0.94
21.1969, 59, 0.000,    2.66,   23.27,    0.55,   10.20,  -19.69,   -0.17,   12.58,    3.60,   -0.51
21.2969, 59, 0.000,    3.27,   18.86,    0.54,    9.84,  -13.50,   -0.17,   12.90,    5.39,   -0.39
21.3962, 59, 0.000,    3.63,   14.02,    0.45,   10.02,   -8.12,   -0.14,   13.53,    5.92,   -0.21
21.4962, 59, 0.000,    2.88,   10.16,    0.26,   10.25,   -5.00,   -0.07,   13.08,    5.17,   -0.07
21.5961, 59, 0.000,    3.47,    7.59,    0.23,   10.57,   -3.68,   -0.05,   14.01,    3.92,   -0.04
21.6963, 59, 0.000,    2.67,    7.16,    0.17,   11.16,   -2.85,   -0.13,   13.80,    4.32,   -0.09
21.7970, 59, 0.000,    2.49,   11.92,    0.26,   11.93,    1.05,    0.32,   14.49,   12.96,    0.64
21.8969, 59, 0.000,    0.54,   27.13,    0.13,   12.47,    9.75,    1.53,   13.94,   36.85,    2.13
21.9962, 59, 0.000,    0.54,   21.25,    0.10,   12.77,   20.20,    2.52,   14.66,   41.40,    3.50
22.0970, 59, 0.000,    1.35,   28.73,    0.35,   12.98,   31.82,    3.50,   18.77,   60.32,    7.81
22.1969, 59, 0.000,    5.29,   23.65,    1.11,   13.76,   41.74,    4.10,   28.87,   64.33,   16.43
22.2971, 59, 0.000,    4.48,   16.74,    0.66,   15.00,   47.05,    4.55,   27.35,   62.92,   14.78
22.3970, 59, 0.000,    4.69,   13.91,    0.57,   14.89,   46.50,    4.61,   26.09,   59.57,   13.63
22.4961, 59, 0.000,    4.58,   13.93,    0.56,   13.44,   41.66,    4.02,   22.88,   54.94,   11.12
22.5970, 59, 0.000,  135.00,   35.26,   75.00,   11.79,   29.44,    2.62,  153.84,   11.28,   94.01
22.6961, 59, 0.000,    8.66,  -13.85,   -1.05,   11.18,   16.98,    1.70,   19.18,    2.71,    3.08
22.7962, 59, 0.000,    7.19,   -3.47,   -0.22,   10.92,   10.28,    0.72,   18.10,    6.64,    1.78
22.8961, 59, 0.000,   -5.30,   -2.66,    0.12,   10.39,    5.48,   -0.41,    5.11,    2.75,   -0.79
22.9962, 59, 0.000,   -4.86,    0.64,   -0.03,   10.22,    2.43,   -0.85,    5.35,    2.98,   -1.08
23.0963, 59, 0.000,   -0.22,    2.63,   -0.01,   10.82,    0.74,   -0.69,   10.57,    3.37,   -0.70
23.1969, 59, 0.000,    6.44,    3.13,    0.18,   12.16,   -0.82,    0.67,   18.64,    2.25,    0.75
23.2970, 59, 0.000,   -3.05,    5.48,   -0.15,   12.88,   -1.87,    1.07,    9.94,    3.67,    1.02
23.3962, 59, 0.000,   -4.70,    4.81,   -0.20,   12.09,    0.14,    0.70,    7.45,    5.01,    0.49
23.4961, 59, 0.000,    6.43,    3.72,    0.21,   10.68,    0.93,    0.49,   17.16,    4.58,    0.80
23.5970, 59, 0.000,   -3.37,    3.97,   -0.12,   10.11,    0.94,    0.34,    6.76,    4.93,    0.17
23.6961, 59, 0.000,    1.78,    3.75,    0.06,   10.35,    0.83,    0.28,   12.15,    4.57,    0.36
23.7960, 59, 0.000,    6.56,    3.83,    0.22,   11.18,    0.08,    0.54,   17.77,    3.85,    0.77
23.8969, 59, 0.000,    2.03,    4.41,    0.08,   10.87,   -0.04,    0.98,   12.98,    4.33,    1.06
23.9961, 59, 0.000,    3.24,    4.44,    0.13,   10.31,    0.23,    0.79,   13.62,    4.63,    0.93
24.0965, 59, 0.000,    5.81,    3.77,    0.19,   10.35,    0.26,    0.40,   16.19,    3.99,    0.61
24.1969, 59, 0.000,    1.34,    3.74,    0.04,   10.34,    0.27,    0.22,   11.70,    4.01,    0.27
24.2968, 59, 0.000,    1.56,    3.76,    0.05,   10.49,    0.30,    0.37,   12.08,    4.04,    0.43
24.3961, 59, 0.000,    1.99,    3.71,    0.06,   10.47,    0.46,    0.54,   12.49,    4.15,    0.62
24.4961, 59, 0.000,    0.68,    3.77,    0.02,   10.26,    0.58,    0.49,   10.97,    4.34,    0.52
24.5970, 55, 0.000,    2.36,    3.71,    0.08,   10.20,    0.60,    0.39,   12.58,    4.28,    0.50
24.6969, 55, 0.000,    3.94,    3.47,    0.12,   10.24,    0.54,    0.22,   14.20,    3.99,    0.37
24.7962, 55, 0.000,    1.02,    3.63,    0.03,   10.23,    0.35,    0.03,   11.25,    3.98,    0.06
24.8961, 55, 0.000,    1.31,    3.77,    0.04,   10.18,    0.41,   -0.12,   11.48,    4.18,   -0.07
24.9962, 55, 0.000,    6.02,    3.42,    0.18,   10.21,    0.50,   -0.15,   16.22,    3.93,    0.09
25.0963, 55, 0.000,    1.37,    3.59,    0.04,   10.18,    0.50,   -0.16,   11.55,    4.10,   -0.10
25.1961, 55, 0.000,    1.25,    3.38,    0.04,   10.16,    0.53,   -0.17,   11.40,    3.91,   -0.12
25.2960, 55, 0.000,    7.09,    3.00,    0.19,   10.23,    0.42,   -0.31,   17.30,    3.46,   -0.07
25.3970, 55, 0.000,    0.76,    3.56,    0.02,   10.37,    0.36,   -0.39,   11.10,    3.92,   -0.36
25.4961, 55, 0.000,    0.88,    3.61,    0.03,   10.29,    0.44,   -0.39,   11.14,    4.06,   -0.36
25.5961, 55, 0.000,    7.36,    2.96,    0.19,   10.24,    0.51,   -0.32,   17.58,    3.51,   -0.06
25.6966, 55, 0.000,    6.79,    2.85,    0.17,   10.28,    0.47,   -0.29,   17.05,    3.35,   -0.06
25.7962, 55, 0.000,    0.63,    3.42,    0.02,   10.27,    0.41,   -0.28,   10.89,    3.83,   -0.26
25.8969, 55, 0.000,    1.01,    3.45,    0.03,   10.26,    0.47,   -0.30,   11.25,    3.92,   -0.26
25.9968, 55, 0.000,    0.69,    3.49,    0.02,   10.26,    0.55,   -0.30,   10.93,    4.04,   -0.27
26.0962, 55, 0.000,    0.80,    3.46,    0.02,   10.24,    0.55,   -0.32,   11.01,    4.02,   -0.29
26.1960, 55, 0.000,    0.76,    3.39,    0.02,   10.20,    0.56,   -0.38,   10.94,    3.96,   -0.35
26.2961, 55, 0.000,    1.01,    3.23,    0.03,   10.09,    0.57,   -0.44,   11.08,    3.81,   -0.40
26.3963, 55, 0.000,    0.61,    3.35,    0.02,   10.09,    0.43,   -0.46,   10.67,    3.78,   -0.44
26.4961, 55, 0.000,    1.18,    3.39,    0.03,   10.26,    0.45,   -0.50,   11.41,    3.85,   -0.46
26.5969, 55, 0.000,    1.31,    3.31,    0.04,   10.24,    0.41,   -0.60,   11.51,    3.73,   -0.56
26.6969, 55, 0.000,    0.70,    3.40,    0.02,   10.24,    0.33,   -0.65,   10.90,    3.74,   -0.63
26.7961, 55, 0.000,    7.07,    2.69,    0.17,   10.31,    0.34,   -0.68,   17.35,    3.10,   -0.46
26.8968, 55, 0.000,    0.58,    3.41,    0.02,   10.30,    0.29,   -0.70,   10.83,    3.71,   -0.68
26.9969, 55, 0.000,    0.85,    3.46,    0.03,   10.30,    0.24,   -0.69,   11.11,    3.71,   -0.66
27.0962, 55, 0.000,    0.81,    3.45,    0.02,   10.28,    0.26,   -0.65,   11.06,    3.72,   -0.63
27.1960, 55, 0.000,    0.53,    3.46,    0.02,   10.22,    0.22,   -0.58,   10.71,    3.69,   -0.56
27.2967, 55, 0.000,    7.68,    3.09,    0.21,   10.27,    0.24,   -0.51,   17.93,    3.39,   -0.26
27.3960, 55, 0.000,    1.13,    3.60,    0.04,   10.32,    0.25,   -0.52,   11.42,    3.86,   -0.48
27.4963, 55, 0.000,    0.85,    3.53,    0.03,   10.38,    0.29,   -0.55,   11.19,    3.83,   -0.53
27.5960, 55, 0.000,    0.73,    3.42,    0.02,   10.45,    0.28,   -0.58,   11.14,    3.70,   -0.56
27.6961, 55, 0.000,    0.76,    3.54,    0.02,   10.45,    0.10,   -0.61,   11.17,    3.65,   -0.59
27.7962, 55, 0.000,    5.62,    3.11,    0.15,   10.46,    0.15,   -0.63,   16.05,    3.32,   -0.46
27.8968, 55, 0.000,    4.32,    3.40,    0.13,   10.50,    0.17,   -0.68,   14.78,    3.62,   -0.54
27.9962, 55, 0.000,    0.26,    3.54,    0.01,   10.50,    0.14,   -0.67,   10.72,    3.68,   -0.66
28.0959, 55, 0.000,    1.52,    3.53,    0.05,   10.45,    0.19,   -0.65,   11.94,    3.73,   -0.59
28.1969, 55, 0.000,    0.83,    3.54,    0.03,   10.53,    0.20,   -0.61,   11.32,    3.75,   -0.58
28.2969, 55, 0.000,    0.65,    3.56,    0.02,   10.54,    0.17,   -0.59,   11.16,    3.74,   -0.57
28.3961, 55, 0.000,    0.69,    3.62,    0.02,   10.45,    0.12,   -0.58,   11.10,    3.75,   -0.55
28.4962, 55, 0.000,    0.49,    3.59,    0.02,   10.41,    0.13,   -0.54,   10.87,    3.73,   -0.53
28.5961, 55, 0.000,    3.19,    3.44,    0.10,   10.38,    0.05,   -0.54,   13.54,    3.51,   -0.44
28.6964, 55, 0.000,    0.84,    3.62,    0.03,   10.40,    0.03,   -0.61,   11.20,    3.66,   -0.58
28.7961, 55, 0.000,    0.70,    3.66,    0.02,   10.43,    0.06,   -0.63,   11.09,    3.73,   -0.61
28.8960, 55, 0.000,    0.46,    3.70,    0.01,   10.33,    0.05,   -0.58,   10.75,    3.76,   -0.57
28.9967, 55, 0.000,    1.12,    3.67,    0.04,   10.31,    0.02,   -0.56,   11.39,    3.70,   -0.53
29.0961, 55, 0.000,    0.58,    3.74,    0.02,   10.38,    0.04,   -0.55,   10.93,    3.78,   -0.53
29.1960, 55, 0.000,    0.87,    3.69,    0.03,   10.37,    0.03,   -0.59,   11.20,    3.74,   -0.56
29.2967, 55, 0.000,    0.69,    3.64,    0.02,   10.35,    0.06,   -0.60,   11.00,    3.70,   -0.58
29.3961, 55, 0.000,    0.82,    3.69,    0.03,   10.31,   -0.00,   -0.58,   11.10,    3.70,   -0.56
29.4960, 55, 0.000,    0.56,    3.72,    0.02,   10.30,   -0.13,   -0.57,   10.82,    3.59,   -0.55
29.5961, 53, 0.000,    1.46,    3.75,    0.05,   10.28,   -0.18,   -0.57,   11.71,    3.58,   -0.53
29.6960, 53, 0.000,    0.45,    3.89,    0.02,   10.25,   -0.14,   -0.60,   10.66,    3.76,   -0.59
29.7960, 53, 0.000,    0.60,    3.80,    0.02,   10.24,   -0.12,   -0.66,   10.79,    3.68,   -0.64
29.8973, 53, 0.000,    1.41,    3.67,    0.05,   10.24,   -0.32,   -0.69,   11.61,    3.37,   -0.65
29.9974, 53, 0.000,   -0.37,    4.00,   -0.01,   10.18,   -0.33,   -0.71,    9.76,    3.66,   -0.72
30.0972, 53, 0.000,    0.25,    3.97,    0.01,   10.19,   -0.34,   -0.70,   10.39,    3.63,   -0.70
30.1966, 53, 0.000,    0.51,    3.88,    0.02,   10.25,   -0.41,   -0.70,   10.71,    3.47,   -0.68
30.2975, 53, 0.000,   -0.32,    3.91,   -0.01,   10.29,   -0.44,   -0.67,    9.92,    3.47,   -0.68
30.3870, 53, 0.000,    0.54,    3.87,    0.02,   10.36,   -0.44,   -0.63,   10.86,    3.44,   -0.62
30.4870, 53, 0.000,    0.18,    4.00,    0.01,   10.52,   -0.49,   -0.60,   10.66,    3.51,   -0.60
30.5972, 53, 0.000,   -0.86,    4.24,   -0.03,   10.51,   -0.41,   -0.53,    9.61,    3.83,   -0.56
30.6869, 53, 0.000,   -0.08,    3.94,   -0.00,   10.38,   -0.30,   -0.50,   10.26,    3.63,   -0.50
30.7973, 53, 0.000,   -0.26,    3.94,   -0.01,   10.48,   -0.34,   -0.48,   10.19,    3.59,   -0.49
30.8870, 53, 0.000,    0.34,    3.94,    0.01,   10.54,   -0.41,   -0.53,   10.84,    3.52,   -0.52
30.9981, 53, 0.000,    0.71,    3.75,    0.02,   10.53,   -0.42,   -0.61,   11.20,    3.34,   -0.59
31.0979, 53, 0.000,    0.47,    3.96,    0.02,   10.53,   -0.39,   -0.65,   10.96,    3.58,   -0.63
31.1975, 53, 0.000,   -0.01,    4.02,   -0.00,   10.54,   -0.38,   -0.64,   10.48,    3.63,   -0.65
31.2980, 53, 0.000,    0.02,    4.06,    0.00,   10.47,   -0.54,   -0.61,   10.44,    3.52,   -0.61
31.3978, 53, 0.000,   -4.28,    4.51,   -0.17,   10.48,   -0.49,   -0.61,    6.15,    3.97,   -0.74
31.4981, 53, 0.000,   -0.10,    3.94,   -0.00,   10.49,   -0.42,   -0.62,   10.35,    3.52,   -0.62
31.5869, 53, 0.000,    0.09,    3.96,    0.00,   10.44,   -0.50,   -0.65,   10.48,    3.46,   -0.65
31.6978, 53, 0.000,   -0.54,    3.92,   -0.02,   10.36,   -0.48,   -0.68,    9.77,    3.44,   -0.69
31.7971, 53, 0.000,    0.43,    3.83,    0.01,   10.39,   -0.50,   -0.67,   10.77,    3.34,   -0.66
31.8980, 53, 0.000,    0.35,    3.93,    0.01,   10.51,   -0.51,   -0.67,   10.82,    3.42,   -0.66
31.9981, 53, 0.000,    0.43,    3.96,    0.02,   10.46,   -0.49,   -0.68,   10.84,    3.48,   -0.67
32.0869, 53, 0.000,   -3.46,    4.23,   -0.13,   10.37,   -0.50,   -0.67,    6.86,    3.69,   -0.77
32.1869, 53, 0.000,    0.09,    3.91,    0.00,   10.38,   -0.50,   -0.64,   10.42,    3.42,   -0.64
32.2973, 53, 0.000,    0.23,    3.81,    0.01,   10.26,   -0.52,   -0.59,   10.45,    3.29,   -0.59
32.3973, 53, 0.000,    0.29,    3.80,    0.01,   10.09,   -0.51,   -0.62,   10.34,    3.30,   -0.61
32.4981, 53, 0.000,    0.79,    3.78,    0.03,   10.10,   -0.49,   -0.60,   10.85,    3.30,   -0.59
32.5979, 53, 0.000,    0.39,    3.84,    0.01,   10.15,   -0.59,   -0.59,   10.50,    3.26,   -0.58
32.6977, 53, 0.000,    0.25,    3.78,    0.01,   10.15,   -0.55,   -0.64,   10.36,    3.23,   -0.63
32.7973, 53, 0.000,    0.59,    3.83,    0.02,   10.12,   -0.55,   -0.63,   10.67,    3.29,   -0.62
32.8869, 53, 0.000,   -0.50,    3.90,   -0.02,   10.05,   -0.60,   -0.60,    9.50,    3.29,   -0.62
32.9972, 53, 0.000,    0.80,    3.84,    0.03,   10.04,   -0.52,   -0.56,   10.80,    3.33,   -0.54
33.0869, 53, 0.000,    0.74,    3.87,    0.02,   10.10,   -0.50,   -0.56,   10.80,    3.38,   -0.54
33.1980, 53, 0.000,    0.38,    4.00,    0.01,   10.10,   -0.51,   -0.57,   10.44,    3.50,   -0.56
33.2870, 53, 0.000,    0.36,    3.89,    0.01,   10.06,   -0.50,   -0.52,   10.39,    3.39,   -0.51
33.3980, 53, 0.000,    0.68,    3.93,    0.02,   10.00,   -0.50,   -0.47,   10.65,    3.44,   -0.46
33.4976, 53, 0.000,    0.55,    3.82,    0.02,    9.98,   -0.56,   -0.45,   10.50,    3.26,   -0.44
33.5972, 53, 0.000,    0.79,    4.07,    0.03,    9.96,   -0.62,   -0.46,   10.71,    3.46,   -0.44
33.6972, 53, 0.000,   -0.29,    4.06,   -0.01,    9.99,   -0.64,   -0.48,    9.66,    3.42,   -0.49
33.7977, 53, 0.000,    0.57,    3.94,    0.02,   10.00,   -0.64,   -0.51,   10.53,    3.31,   -0.49
33.8972, 53, 0.000,   -3.36,    4.24,   -0.12,   10.01,   -0.67,   -0.52,    6.62,    3.54,   -0.60
33.9976, 53, 0.000,    0.51,    3.99,    0.02,    9.99,   -0.64,   -0.52,   10.46,    3.36,   -0.51
34.0980, 53, 0.000,   -0.14,    3.98,   -0.00,    9.98,   -0.56,   -0.52,    9.81,    3.41,   -0.53
34.1975, 53, 0.000,    0.72,    3.97,    0.02,   10.00,   -0.51,   -0.51,   10.69,    3.47,   -0.49
34.2870, 53, 0.000,    0.53,    4.00,    0.02,    9.99,   -0.58,   -0.51,   10.48,    3.43,   -0.50
34.3980, 53, 0.000,    6.56,    3.43,    0.20,   10.00,   -0.51,   -0.48,   16.53,    2.98,   -0.34
34.4978, 53, 0.000,    0.67,    3.87,    0.02,   10.03,   -0.55,   -0.48,   10.67,    3.32,   -0.47
34.5980, 50, 0.000,    0.01,    3.91,    0.00,   10.04,   -0.57,   -0.46,   10.02,    3.34,   -0.46
34.6980, 50, 0.000,    0.48,    3.95,    0.02,    9.99,   -0.54,   -0.44,   10.44,    3.41,   -0.43
34.7976, 50, 0.000,    0.44,    3.96,    0.02,   10.02,   -0.55,   -0.42,   10.43,    3.41,   -0.41
34.8976, 50, 0.000,    5.64,    3.33,    0.16,   10.01,   -0.57,   -0.41,   15.62,    2.81,   -0.30
34.9970, 50, 0.000,    1.25,    3.86,    0.04,    9.95,   -0.59,   -0.40,   11.18,    3.28,   -0.38
35.0976, 50, 0.000,    8.44,    3.49,    0.26,    9.96,   -0.57,   -0.40,   18.36,    2.99,   -0.23
35.1979, 50, 0.000,    7.93,    3.20,    0.22,   10.02,   -0.60,   -0.42,   17.92,    2.66,   -0.28
35.2977, 50, 0.000,    0.64,    3.75,    0.02,   10.01,   -0.68,   -0.45,   10.62,    3.08,   -0.44
35.3977, 50, 0.000,    0.86,    3.71,    0.03,   10.12,   -0.54,   -0.49,   10.95,    3.18,   -0.47
35.4976, 50, 0.000,    0.66,    3.61,    0.02,   10.18,   -0.48,   -0.50,   10.81,    3.14,   -0.49
35.5976, 50, 0.000,    1.06,    3.54,    0.03,    9.99,   -0.59,   -0.47,   11.02,    2.95,   -0.45
35.6980, 50, 0.000,    1.96,    3.40,    0.06,    9.92,   -0.56,   -0.40,   11.86,    2.85,   -0.36
35.7979, 50, 0.000,    1.36,    3.94,    0.05,    9.91,   -0.48,   -0.41,   11.23,    3.47,   -0.38
35.8971, 50, 0.000,    1.10,    3.95,    0.04,    9.92,   -0.48,   -0.42,   10.99,    3.47,   -0.39
35.9977, 50, 0.000,   -1.76,    4.16,   -0.06,    9.96,   -0.47,   -0.44,    8.18,    3.67,   -0.49
36.0970, 50, 0.000,    0.92,    3.83,    0.03,    9.95,   -0.53,   -0.41,   10.84,    3.30,   -0.39
36.1976, 50, 0.000,    1.17,    3.83,    0.04,    9.96,   -0.58,   -0.41,   11.10,    3.26,   -0.38
36.2976, 50, 0.000,    0.40,    3.85,    0.01,   10.02,   -0.59,   -0.43,   10.39,    3.26,   -0.42
36.3976, 50, 0.000,    0.81,    3.86,    0.03,   10.04,   -0.58,   -0.49,   10.82,    3.28,   -0.47
36.4975, 50, 0.000,    0.41,    4.00,    0.01,   10.08,   -0.60,   -0.53,   10.46,    3.41,   -0.52
36.5976, 50, 0.000,    0.39,    4.16,    0.01,   10.15,   -0.63,   -0.55,   10.50,    3.53,   -0.54
36.6977, 50, 0.000,    0.92,    4.06,    0.03,   10.08,   -0.69,   -0.54,   10.96,    3.39,   -0.52
36.7975, 50, 0.000,    0.68,    4.12,    0.02,   10.04,   -0.66,   -0.56,   10.69,    3.48,   -0.54
36.8976, 50, 0.000,   -1.59,    4.49,   -0.06,   10.03,   -0.70,   -0.53,    8.40,    3.78,   -0.58
36.9975, 50, 0.000,    0.78,    4.31,    0.03,    9.99,   -0.78,   -0.51,   10.73,    3.54,   -0.50
37.0969, 50, 0.000,    1.68,    4.16,    0.06,    9.96,   -0.67,   -0.47,   11.60,    3.50,   -0.43
37.1970, 50, 0.000,    1.30,    4.24,    0.05,    9.93,   -0.67,   -0.45,   11.20,    3.58,   -0.42
37.2971, 50, 0.000,    0.94,    4.28,    0.04,    9.89,   -0.64,   -0.44,   10.79,    3.65,   -0.42
37.3976, 50, 0.000,    1.05,    4.09,    0.04,    9.87,   -0.57,   -0.39,   10.89,    3.53,   -0.37
37.4968, 50, 0.000,    1.82,    3.96,    0.06,    9.82,   -0.51,   -0.37,   11.61,    3.46,   -0.33
37.5975, 50, 0.000,    1.52,    3.88,    0.05,    9.85,   -0.54,   -0.38,   11.34,    3.35,   -0.34
37.6974, 50, 0.000,    1.18,    4.15,    0.04,    9.82,   -0.59,   -0.37,   10.97,    3.57,   -0.34
37.7971, 50, 0.000,    1.20,    4.09,    0.04,    9.74,   -0.62,   -0.37,   10.91,    3.49,   -0.34
37.8971, 50, 0.000,    1.33,    4.10,    0.05,    9.72,   -0.62,   -0.38,   11.03,    3.49,   -0.35
37.9970, 50, 0.000,    0.98,    4.05,    0.03,    9.80,   -0.61,   -0.39,   10.74,    3.45,   -0.37
38.0978, 50, 0.000,    2.20,    3.96,    0.08,    9.80,   -0.64,   -0.41,   11.97,    3.34,   -0.36
38.1968, 50, 0.000,    0.71,    4.09,    0.03,    9.82,   -0.59,   -0.47,   10.50,    3.51,   -0.45
38.2968, 50, 0.000,    2.28,    3.82,    0.08,    9.91,   -0.57,   -0.51,   12.15,    3.27,   -0.46
38.3971, 50, 0.000,    0.74,    4.00,    0.03,    9.89,   -0.68,   -0.54,   10.59,    3.33,   -0.52
38.4972, 50, 0.000,    0.99,    4.08,    0.04,    9.89,   -0.68,   -0.54,   10.84,    3.42,   -0.52
38.5974, 50, 0.000,    0.58,    4.24,    0.02,    9.88,   -0.68,   -0.55,   10.42,    3.56,   -0.54
38.6977, 50, 0.000,    0.77,    4.20,    0.03,    9.87,   -0.66,   -0.52,   10.60,    3.54,   -0.50
38.7969, 50, 0.000,    1.03,    4.20,    0.04,    9.83,   -0.62,   -0.48,   10.83,    3.58,   -0.45
38.8976, 50, 0.000,    1.31,    4.14,    0.05,    9.86,   -0.59,   -0.45,   11.14,    3.55,   -0.42
38.9970, 50, 0.000,    0.69,    4.07,    0.02,    9.89,   -0.62,   -0.46,   10.55,    3.45,   -0.44
39.0974, 50, 0.000,    0.67,    4.08,    0.02,    9.90,   -0.62,   -0.48,   10.53,    3.47,   -0.46
39.1969, 50, 0.000,    5.17,    3.37,    0.15,    9.93,   -0.62,   -0.50,   15.08,    2.80,   -0.40
39.2973, 50, 0.000,    1.29,    4.06,    0.05,    9.96,   -0.62,   -0.54,   11.21,    3.45,   -0.51
39.3968, 50, 0.000,    1.00,    4.08,    0.04,    9.97,   -0.68,   -0.56,   10.93,    3.41,   -0.53
39.4975, 50, 0.000,    0.17,    4.32,    0.01,    9.93,   -0.66,   -0.58,   10.06,    3.66,   -0.58
39.5975, 46, 0.000,    0.75,    4.24,    0.03,    9.97,   -0.65,   -0.60,   10.67,    3.60,   -0.58
39.6975, 46, 0.000,    0.91,    4.14,    0.03,    9.93,   -0.68,   -0.57,   10.80,    3.47,   -0.54
39.7976, 46, 0.000,    3.35,    3.82,    0.11,    9.88,   -0.73,   -0.52,   13.19,    3.11,   -0.45
39.8968, 46, 0.000,    1.01,    4.09,    0.04,    9.87,   -0.69,   -0.47,   10.84,    3.41,   -0.45
39.9974, 46, 0.000,    0.85,    4.17,    0.03,    9.89,   -0.71,   -0.47,   10.70,    3.46,   -0.45
40.0975, 46, 0.000,    0.94,    4.12,    0.03,    9.87,   -0.70,   -0.46,   10.77,    3.43,   -0.44
40.1978, 46, 0.000,    0.62,    4.19,    0.02,    9.82,   -0.68,   -0.44,   10.41,    3.52,   -0.42
40.2975, 46, 0.000,    0.57,    4.17,    0.02,    9.87,   -0.71,   -0.44,   10.40,    3.46,   -0.43
40.3975, 46, 0.000,    0.51,    4.14,    0.02,    9.88,   -0.75,   -0.46,   10.36,    3.40,   -0.45
40.4977, 46, 0.000,    1.18,    4.12,    0.04,    9.88,   -0.76,   -0.48,   11.03,    3.37,   -0.46
40.5976, 46, 0.000,  135.00,   35.26,   75.00,    9.92,   -0.76,   -0.50,  144.78,   36.16,   74.77
40.6975, 46, 0.000,  135.00,   35.26,   75.00,    9.97,   -0.78,   -0.48,  144.82,   36.16,   74.74
40.7967, 46, 0.000,   -0.82,    4.15,   -0.03,    9.95,   -0.84,   -0.48,    9.10,    3.31,   -0.50
40.8971, 46, 0.000,    1.27,    4.05,    0.04,    9.97,   -0.83,   -0.51,   11.20,    3.24,   -0.48
40.9968, 46, 0.000,    1.14,    4.10,    0.04,   10.00,   -0.87,   -0.48,   11.11,    3.25,   -0.46
41.0969, 46, 0.000,  135.00,   35.26,   75.00,    9.94,   -1.03,   -0.43,  144.63,   36.30,   74.48
41.1975, 46, 0.000,  135.00,   35.26,   75.00,    9.93,   -0.98,   -0.38,  144.62,   36.22,   74.47
41.2974, 46, 0.000,    7.53,    2.84,    0.19,    9.91,   -0.97,   -0.35,   17.42,    1.92,   -0.28
41.3974, 46, 0.000,  135.00,   35.26,   75.00,    9.92,   -1.02,   -0.34,  144.57,   36.23,   74.41
41.4976, 46, 0.000,  135.00,   35.26,   75.00,    9.92,   -1.04,   -0.33,  144.56,   36.23,   74.38
41.5971, 46, 0.000,    1.44,    4.11,    0.05,    9.90,   -1.02,   -0.30,   11.32,    3.09,   -0.28
41.6976, 46, 0.000,   -0.04,    4.19,   -0.00,    9.94,   -1.06,   -0.32,    9.87,    3.13,   -0.32
41.7976, 46, 0.000,    1.32,    4.21,    0.05,    9.95,   -1.10,   -0.33,   11.25,    3.12,   -0.31
41.8976, 46, 0.000,    0.62,    4.38,    0.02,    9.92,   -1.10,   -0.32,   10.51,    3.28,   -0.31
41.9975, 46, 0.000,    1.40,    4.45,    0.05,    9.96,   -1.09,   -0.31,   11.32,    3.37,   -0.29
42.0977, 46, 0.000,    1.01,    4.50,    0.04,    9.95,   -1.11,   -0.33,   10.93,    3.40,   -0.31
42.1969, 46, 0.000,    0.39,    4.55,    0.02,    9.98,   -0.95,   -0.33,   10.35,    3.60,   -0.32
42.2975, 46, 0.000,    1.18,    4.54,    0.05,   10.10,   -0.89,   -0.32,   11.25,    3.66,   -0.29
42.3974, 46, 0.000,    0.90,    4.44,    0.03,   10.04,   -0.92,   -0.29,   10.91,    3.52,   -0.27
42.4976, 46, 0.000,    0.57,    4.49,    0.02,    9.99,   -0.83,   -0.23,   10.55,    3.67,   -0.22
42.5976, 46, 0.000,    1.06,    4.36,    0.04,    9.94,   -0.81,   -0.26,   10.98,    3.56,   -0.24
42.6975, 46, 0.000,    1.90,    4.14,    0.07,    9.90,   -0.77,   -0.30,   11.78,    3.38,   -0.25
42.7976, 46, 0.000,    1.38,    4.22,    0.05,    9.87,   -0.74,   -0.31,   11.22,    3.48,   -0.28
42.8966, 46, 0.000,    2.85,    4.02,    0.10,    9.88,   -0.76,   -0.31,   12.71,    3.28,   -0.25
42.9966, 46, 0.000,    0.71,    4.21,    0.03,    9.91,   -0.79,   -0.30,   10.60,    3.42,   -0.29
43.0968, 46, 0.000,    0.76,    4.22,    0.03,    9.85,   -0.82,   -0.33,   10.59,    3.41,   -0.32
43.1970, 46, 0.000,    1.43,    3.98,    0.05,    9.84,   -0.82,   -0.33,   11.24,    3.17,   -0.30
43.2971, 46, 0.000,    1.59,    4.08,    0.06,    9.87,   -0.81,   -0.32,   11.44,    3.28,   -0.29
43.3965, 46, 0.000,    0.35,    4.01,    0.01,    9.79,   -0.83,   -0.30,   10.12,    3.18,   -0.29
43.4973, 46, 0.000,  135.00,   35.26,   75.00,    9.81,   -0.77,   -0.34,  144.59,   36.04,   74.62
43.5966, 46, 0.000,  135.00,   35.26,   75.00,    9.86,   -0.76,   -0.31,  144.63,   36.02,   74.60
43.6966, 46, 0.000,   -1.58,    4.19,   -0.06,    9.78,   -0.85,   -0.28,    8.18,    3.33,   -0.32
43.7972, 46, 0.000,    2.33,    4.17,    0.09,    9.82,   -0.82,   -0.28,   12.13,    3.37,   -0.23
43.8965, 46, 0.000,    5.58,    3.78,    0.18,    9.88,   -0.83,   -0.32,   15.43,    2.98,   -0.21
43.9972, 46, 0.000,    0.76,    4.35,    0.03,    9.91,   -0.88,   -0.34,   10.64,    3.48,   -0.32
44.0968, 46, 0.000,    0.62,    4.51,    0.02,    9.87,   -0.87,   -0.32,   10.46,    3.64,   -0.30
44.1964, 46, 0.000,   -2.43,    5.01,   -0.11,    9.80,   -0.84,   -0.25,    7.36,    4.16,   -0.32
44.2964, 46, 0.000,    0.92,    4.49,    0.04,    9.80,   -0.85,   -0.20,   10.70,    3.64,   -0.18
44.3963, 46, 0.000,    0.93,    4.55,    0.04,    9.81,   -0.87,   -0.18,   10.73,    3.68,   -0.15
44.4972, 46, 0.000,    4.21,    3.93,    0.14,    9.78,   -0.85,   -0.17,   13.98,    3.10,   -0.08
44.5972, 45, 0.000,    2.80,    4.02,    0.10,    9.82,   -0.85,   -0.17,   12.60,    3.18,   -0.11
44.6963, 45, 0.000,    1.38,    4.17,    0.05,    9.80,   -0.92,   -0.16,   11.16,    3.25,   -0.13
44.7971, 45, 0.000,  135.00,   35.26,   75.00,    9.87,   -0.87,   -0.22,  144.53,   36.03,   74.43
44.8972, 45, 0.000,  135.00,   35.26,   75.00,    9.89,   -0.85,   -0.21,  144.56,   36.02,   74.44
44.9964, 45, 0.000,    3.95,    3.54,    0.12,    9.84,   -0.99,   -0.21,   13.77,    2.57,   -0.16
45.0971, 45, 0.000,    1.39,    4.07,    0.05,    9.87,   -0.92,   -0.20,   11.24,    3.15,   -0.17
45.1963, 45, 0.000,    2.78,    3.99,    0.10,    9.87,   -0.87,   -0.22,   12.63,    3.13,   -0.16
45.2970, 45, 0.000,    2.58,    4.18,    0.09,    9.92,   -0.85,   -0.25,   12.48,    3.34,   -0.19
45.3971, 45, 0.000,    7.12,    3.41,    0.21,    9.96,   -0.72,   -0.27,   17.06,    2.73,   -0.14
45.4971, 45, 0.000,    1.03,    4.32,    0.04,    9.96,   -0.63,   -0.25,   10.97,    3.70,   -0.23
45.5973, 45, 0.000,    0.68,    4.27,    0.03,    9.90,   -0.62,   -0.25,   10.55,    3.65,   -0.23
45.6970, 45, 0.000,    5.69,    3.30,    0.16,    9.94,   -0.67,   -0.24,   15.61,    2.66,   -0.14
45.7966, 45, 0.000,    0.97,    3.96,    0.03,    9.89,   -0.67,   -0.26,   10.83,    3.30,   -0.24
45.8972, 45, 0.000,   -3.69,    4.89,   -0.16,    9.92,   -0.67,   -0.26,    6.21,    4.20,   -0.37
45.9971, 45, 0.000,    1.04,    4.41,    0.04,    9.95,   -0.66,   -0.30,   10.97,    3.76,   -0.27
46.0963, 45, 0.000,    0.00,    4.26,    0.00,   10.00,   -0.65,   -0.31,    9.97,    3.61,   -0.31
46.1972, 45, 0.000,    1.57,    4.27,    0.06,    9.95,   -0.65,   -0.28,   11.50,    3.63,   -0.24
46.2963, 45, 0.000,    0.88,    4.42,    0.03,    9.90,   -0.70,   -0.29,   10.76,    3.73,   -0.26
46.3965, 45, 0.000,    0.82,    4.38,    0.03,    9.95,   -0.62,   -0.24,   10.75,    3.76,   -0.22
46.4962, 45, 0.000,    2.79,    4.68,    0.11,    9.92,   -0.65,   -0.26,   12.68,    4.05,   -0.18
46.5971, 45, 0.000,    2.79,    4.80,    0.12,    9.89,   -0.69,   -0.25,   12.66,    4.13,   -0.17
46.6970, 45, 0.000,    3.43,    4.71,    0.14,    9.87,   -0.70,   -0.23,   13.27,    4.03,   -0.13
46.7972, 45, 0.000,    4.68,    4.14,    0.17,    9.84,   -0.78,   -0.21,   14.50,    3.38,   -0.11
46.8965, 45, 0.000,    3.26,    4.33,    0.12,    9.84,   -0.89,   -0.22,   13.08,    3.45,   -0.15
46.9962, 45, 0.000,    7.93,    3.62,    0.25,    9.85,   -0.97,   -0.24,   17.76,    2.70,   -0.12
47.0963, 45, 0.000,    1.74,    4.47,    0.07,    9.85,   -0.96,   -0.26,   11.56,    3.51,   -0.22
47.1971, 45, 0.000,    0.67,    4.66,    0.03,    9.86,   -1.01,   -0.27,   10.50,    3.66,   -0.25
47.2962, 45, 0.000,    1.10,    4.64,    0.04,    9.84,   -1.04,   -0.30,   10.91,    3.60,   -0.28
47.3970, 45, 0.000,    0.40,    4.65,    0.02,    9.85,   -1.06,   -0.30,   10.22,    3.60,   -0.29
47.4966, 45, 0.000,    0.60,    4.63,    0.02,    9.86,   -1.02,   -0.28,   10.43,    3.61,   -0.27
47.5963, 45, 0.000,    0.80,    4.58,    0.03,    9.85,   -1.00,   -0.26,   10.62,    3.58,   -0.24
47.6971, 45, 0.000,    0.98,    4.44,    0.04,    9.89,   -0.96,   -0.29,   10.85,    3.49,   -0.27
47.7971, 45, 0.000,    0.75,    4.46,    0.03,    9.90,   -0.97,   -0.31,   10.62,    3.49,   -0.30
47.8964, 45, 0.000,    3.64,    4.07,    0.13,    9.85,   -0.91,   -0.28,   13.46,    3.18,   -0.21
47.9971, 45, 0.000,    0.16,    4.40,    0.01,    9.83,   -0.86,   -0.30,    9.97,    3.54,   -0.30
48.0964, 45, 0.000,    4.49,    3.91,    0.15,    9.88,   -0.89,   -0.30,   14.35,    3.04,   -0.22
48.1963, 45, 0.000,    1.08,    4.21,    0.04,    9.91,   -0.93,   -0.32,   10.96,    3.28,   -0.30
48.2962, 45, 0.000,    2.29,    4.05,    0.08,    9.81,   -0.92,   -0.33,   12.07,    3.14,   -0.28
48.3963, 45, 0.000,    0.31,    4.28,    0.01,    9.83,   -0.91,   -0.32,   10.11,    3.37,   -0.32
48.4971, 45, 0.000,    0.99,    4.22,    0.04,    9.85,   -0.93,   -0.35,   10.82,    3.30,   -0.33
48.5964, 45, 0.000,    6.03,    3.65,    0.19,    9.88,   -0.91,   -0.38,   15.89,    2.78,   -0.28
48.6963, 45, 0.000,    0.83,    3.96,    0.03,    9.94,   -0.83,   -0.40,   10.75,    3.13,   -0.38
48.7970, 45, 0.000,    1.12,    3.89,    0.04,   10.00,   -0.83,   -0.38,   11.09,    3.06,   -0.36
48.8962, 45, 0.000,    2.18,    3.88,    0.07,   10.00,   -0.88,   -0.38,   12.16,    3.02,   -0.34
48.9969, 45, 0.000,    0.75,    4.14,    0.03,    9.87,   -0.82,   -0.34,   10.60,    3.33,   -0.32
49.0972, 45, 0.000,   -0.25,    4.19,   -0.01,    9.92,   -0.83,   -0.37,    9.64,    3.36,   -0.38
49.1962, 45, 0.000,    2.36,    3.73,    0.08,    9.91,   -0.88,   -0.37,   12.24,    2.86,   -0.33
49.2963, 45, 0.000,   -0.39,    4.49,   -0.02,    9.77,   -0.88,   -0.34,    9.35,    3.60,   -0.35
49.3971, 45, 0.000,    1.34,    4.00,    0.05,    9.82,   -0.89,   -0.30,   11.13,    3.12,   -0.28
49.4966, 45, 0.000,    1.08,    4.06,    0.04,    9.87,   -0.91,   -0.31,   10.93,    3.15,   -0.29
49.5971, 45, 0.000,    0.73,    4.18,    0.03,    9.80,   -0.95,   -0.30,   10.51,    3.24,   -0.29
49.6965, 45, 0.000,    1.22,    3.79,    0.04,    9.85,   -0.96,   -0.31,   11.04,    2.84,   -0.29
49.7971, 45, 0.000,    1.46,    3.71,    0.05,    9.86,   -1.02,   -0.30,   11.30,    2.70,   -0.28
49.8964, 45, 0.000,    0.65,    4.13,    0.02,    9.82,   -1.01,   -0.32,   10.45,    3.12,   -0.31
49.9963, 45, 0.000,    2.52,    3.86,    0.08,    9.82,   -1.03,   -0.33,   12.32,    2.85,   -0.29
50.0971, 45, 0.000,    0.97,    4.11,    0.03,    9.73,   -1.08,   -0.28,   10.67,    3.03,   -0.26
50.1965, 45, 0.000,    1.13,    4.06,    0.04,    9.66,   -1.12,   -0.27,   10.77,    2.95,   -0.25
50.2971, 45, 0.000,    5.61,    3.10,    0.15,    9.74,   -1.12,   -0.29,   15.33,    2.02,   -0.25
50.3963, 45, 0.000,    1.62,    3.50,    0.05,    9.79,   -1.13,   -0.33,   11.40,    2.38,   -0.31
50.4971, 45, 0.000,    1.87,    3.39,    0.06,    9.71,   -1.09,   -0.30,   11.57,    2.31,   -0.28
50.5962, 45, 0.000,  135.00,   35.26,   75.00,    9.70,   -1.09,   -0.27,  144.27,   36.22,   74.28
50.6962, 45, 0.000,  135.00,   35.26,   75.00,    9.71,   -1.11,   -0.26,  144.28,   36.23,   74.25
50.7962, 45, 0.000,   -0.67,    4.12,   -0.02,    9.71,   -1.16,   -0.27,    9.02,    2.96,   -0.28
50.8970, 45, 0.000,    3.28,    3.77,    0.11,    9.73,   -1.19,   -0.27,   12.99,    2.60,   -0.23
50.9971, 45, 0.000,   -0.74,    4.22,   -0.03,    9.70,   -1.24,   -0.25,    8.95,    2.97,   -0.26
51.0970, 45, 0.000,    1.44,    4.05,    0.05,    9.77,   -1.30,   -0.27,   11.19,    2.76,   -0.25
51.1972, 45, 0.000,    0.98,    4.21,    0.04,    9.80,   -1.23,   -0.31,   10.76,    2.98,   -0.30
51.2965, 45, 0.000,    1.49,    4.18,    0.05,    9.87,   -1.19,   -0.32,   11.34,    3.00,   -0.30
51.3970, 45, 0.000,    1.30,    4.00,    0.05,    9.86,   -1.21,   -0.29,   11.14,    2.80,   -0.27
51.4971, 45, 0.000,    0.22,    4.01,    0.01,    9.82,   -1.18,   -0.28,   10.02,    2.82,   -0.28
51.5963, 45, 0.000,   -0.38,    4.05,   -0.01,    9.83,   -1.17,   -0.27,    9.43,    2.88,   -0.27
51.6967, 45, 0.000,    1.89,    4.00,    0.07,    9.84,   -1.19,   -0.28,   11.71,    2.82,   -0.25
51.7971, 45, 0.000,    1.08,    4.16,    0.04,    9.76,   -1.18,   -0.21,   10.82,    2.99,   -0.20
51.8964, 45, 0.000,    0.50,    4.20,    0.02,    9.68,   -1.19,   -0.14,   10.17,    3.01,   -0.13
51.9965, 45, 0.000,    6.99,    3.86,    0.24,    9.73,   -1.21,   -0.14,   16.70,    2.68,   -0.05
52.0972, 45, 0.000,    1.62,    3.82,    0.05,    9.74,   -1.23,   -0.17,   11.35,    2.60,   -0.15
52.1963, 45, 0.000,    1.37,    3.78,    0.05,    9.76,   -1.19,   -0.20,   11.11,    2.60,   -0.18
52.2965, 45, 0.000,    5.28,    3.64,    0.17,    9.88,   -1.21,   -0.24,   15.13,    2.46,   -0.18
52.3966, 45, 0.000,    1.27,    3.82,    0.04,    9.87,   -1.23,   -0.29,   11.12,    2.60,   -0.28
52.4971, 45, 0.000,    0.10,    3.80,    0.00,    9.88,   -1.15,   -0.30,    9.96,    2.65,   -0.30
52.5962, 45, 0.000,    1.40,    3.66,    0.04,    9.90,   -1.19,   -0.32,   11.28,    2.48,   -0.31
52.6962, 45, 0.000,   -0.11,    3.76,   -0.00,    9.88,   -1.23,   -0.33,    9.75,    2.52,   -0.33
52.7962, 45, 0.000,    4.35,    3.66,    0.14,    9.91,   -1.14,   -0.27,   14.24,    2.54,   -0.22
52.8970, 45, 0.000,    1.37,    3.77,    0.05,    9.91,   -1.16,   -0.29,   11.26,    2.62,   -0.27
52.9962, 45, 0.000,   -1.74,    3.93,   -0.06,    9.92,   -1.18,   -0.26,    8.16,    2.75,   -0.29
53.0966, 45, 0.000,    1.22,    3.76,    0.04,    9.82,   -1.14,   -0.21,   11.02,    2.63,   -0.20
53.1964, 45, 0.000,    2.39,    3.58,    0.07,    9.84,   -1.11,   -0.18,   12.22,    2.48,   -0.15
53.2963, 45, 0.000,    1.28,    3.93,    0.04,    9.89,   -1.12,   -0.20,   11.15,    2.82,   -0.18
53.3962, 45, 0.000,    0.60,    4.14,    0.02,    9.89,   -1.14,   -0.24,   10.47,    3.00,   -0.23
53.4962, 45, 0.000,    0.89,    4.15,    0.03,    9.92,   -1.19,   -0.28,   10.78,    2.97,   -0.26
53.5963, 45, 0.000,    6.42,    3.45,    0.19,    9.84,   -1.18,   -0.32,   16.24,    2.31,   -0.26
53.6970, 45, 0.000,    0.84,    3.84,    0.03,    9.87,   -1.16,   -0.32,   10.69,    2.68,   -0.31
53.7961, 45, 0.000,    2.63,    3.83,    0.09,    9.88,   -1.16,   -0.31,   12.49,    2.69,   -0.28
53.8970, 45, 0.000,    2.62,    3.67,    0.08,    9.82,   -1.22,   -0.29,   12.42,    2.47,   -0.27
53.9970, 45, 0.000,    0.95,    3.95,    0.03,    9.85,   -1.21,   -0.29,   10.78,    2.74,   -0.27
54.0963, 45, 0.000,    1.07,    3.97,    0.04,    9.88,   -1.24,   -0.32,   10.92,    2.74,   -0.31
54.1962, 45, 0.000,    1.57,    3.92,    0.05,    9.86,   -1.25,   -0.32,   11.41,    2.68,   -0.30
54.2964, 45, 0.000,    0.97,    3.88,    0.03,    9.82,   -1.24,   -0.31,   10.77,    2.65,   -0.29
54.3964, 45, 0.000,    1.12,    4.04,    0.04,    9.88,   -1.29,   -0.30,   10.97,    2.76,   -0.28
54.4970, 45, 0.000,    1.58,    3.86,    0.05,    9.88,   -1.32,   -0.32,   11.44,    2.55,   -0.31
54.5963, 45, 0.000,    1.01,    4.00,    0.04,    9.84,   -1.30,   -0.35,   10.82,    2.71,   -0.33
54.6968, 45, 0.000,    1.58,    4.01,    0.06,    9.97,   -1.32,   -0.35,   11.53,    2.70,   -0.33
54.7961, 45, 0.000,   -0.59,    4.39,   -0.02,   10.03,   -1.36,   -0.37,    9.41,    3.03,   -0.38
54.8963, 45, 0.000,    1.08,    4.19,    0.04,    9.95,   -1.23,   -0.40,   11.00,    2.97,   -0.38
54.9970, 45, 0.000,   -0.13,    4.20,   -0.00,   10.01,   -1.21,   -0.38,    9.85,    2.99,   -0.38
55.0963, 45, 0.000,    2.83,    3.76,    0.09,   10.04,   -1.25,   -0.39,   12.84,    2.54,   -0.36
55.1970, 45, 0.000,    1.67,    3.81,    0.06,    9.87,   -1.05,   -0.35,   11.52,    2.77,   -0.32
55.2970, 45, 0.000,    1.35,    3.75,    0.04,    9.94,   -1.01,   -0.33,   11.27,    2.75,   -0.31
55.3961, 45, 0.000,   -2.57,    4.14,   -0.09,   10.01,   -0.97,   -0.33,    7.41,    3.16,   -0.38
55.4962, 45, 0.000,    1.20,    3.80,    0.04,    9.88,   -0.94,   -0.27,   11.06,    2.86,   -0.25
55.5961, 45, 0.000,   -2.44,    3.91,   -0.08,    9.89,   -0.90,   -0.24,    7.43,    2.99,   -0.28
55.6964, 45, 0.000,  135.00,   35.26,   75.00,    9.87,   -0.91,   -0.22,  144.52,   36.06,   74.39
55.7966, 45, 0.000,   -6.56,    4.34,   -0.25,    9.85,   -1.00,   -0.22,    3.28,    3.32,   -0.35
55.8966, 45, 0.000,    3.93,    2.99,    0.10,    9.92,   -1.09,   -0.23,   13.84,    1.92,   -0.20
55.9967, 45, 0.000,    3.95,    3.15,    0.11,    9.96,   -1.19,   -0.27,   13.90,    1.98,   -0.25
56.0966, 45, 0.000,    1.13,    3.91,    0.04,    9.94,   -1.23,   -0.33,   11.05,    2.69,   -0.31
56.1966, 45, 0.000,    1.99,    3.93,    0.07,   10.03,   -1.23,   -0.32,   11.99,    2.71,   -0.29
56.2964, 45, 0.000,    0.95,    4.18,    0.03,   10.08,   -1.27,   -0.29,   11.00,    2.92,   -0.27
56.3968, 45, 0.000,    5.31,    3.95,    0.18,   10.02,   -1.34,   -0.25,   15.30,    2.63,   -0.19
56.4962, 45, 0.000,    1.10,    4.37,    0.04,    9.95,   -1.27,   -0.22,   11.04,    3.10,   -0.20
56.5961, 45, 0.000,    1.05,    4.35,    0.04,    9.95,   -1.29,   -0.24,   10.99,    3.06,   -0.22
56.6961, 45, 0.000,    2.40,    4.08,    0.09,    9.92,   -1.31,   -0.23,   12.31,    2.78,   -0.20
56.7962, 45, 0.000,    0.89,    4.22,    0.03,    9.89,   -1.33,   -0.21,   10.76,    2.90,   -0.20
56.8962, 45, 0.300,   -2.29,    4.57,   -0.09,    9.92,   -1.36,   -0.20,    7.61,    3.20,   -0.23
56.9962, 45, 0.300,    1.14,    4.21,    0.04,    9.93,   -1.38,   -0.22,   11.04,    2.83,   -0.21
57.0963, 45, 0.300,    1.07,    4.29,    0.04,    9.94,   -1.40,   -0.27,   10.99,    2.90,   -0.26
57.1963, 45, 0.300,    6.85,    3.68,    0.22,    9.90,   -1.39,   -0.29,   16.71,    2.34,   -0.23
57.2963, 45, 0.300,    5.10,    3.92,    0.17,    9.91,   -1.38,   -0.27,   14.98,    2.57,   -0.21
57.3962, 45, 0.300,    0.77,    4.43,    0.03,    9.90,   -1.41,   -0.25,   10.66,    3.02,   -0.24
57.4970, 45, 0.300,    0.75,    4.28,    0.03,    9.91,   -1.34,   -0.30,   10.64,    2.94,   -0.29
57.5970, 45, 0.300,    2.28,    4.16,    0.08,    9.90,   -1.35,   -0.30,   12.15,    2.82,   -0.27
57.6962, 45, 0.300,    1.18,    4.28,    0.04,    9.77,   -1.39,   -0.26,   10.93,    2.89,   -0.25
57.7964, 45, 0.300,    1.26,    4.27,    0.05,    9.78,   -1.30,   -0.24,   11.02,    2.98,   -0.22
57.8962, 45, 0.310,    0.68,    4.22,    0.03,    9.80,   -1.30,   -0.25,   10.47,    2.92,   -0.24
57.9962, 45, 0.310,    1.12,    4.20,    0.04,    9.81,   -1.34,   -0.27,   10.90,    2.86,   -0.26
58.0961, 45, 0.310,    1.15,    4.26,    0.04,    9.79,   -1.30,   -0.24,   10.92,    2.96,   -0.22
58.1964, 45, 0.310,   17.84,    2.53,    0.40,    9.77,   -1.33,   -0.22,   27.59,    1.33,   -0.22
58.2964, 45, 0.310,   10.48,    3.78,    0.35,    9.84,   -1.40,   -0.22,   20.29,    2.45,   -0.12
58.3967, 45, 0.310,   16.66,    2.80,    0.41,    9.87,   -1.44,   -0.24,   26.50,    1.49,   -0.23
58.4964, 45, 0.310,   15.29,    2.53,    0.34,    9.91,   -1.45,   -0.24,   25.18,    1.19,   -0.28
58.5965, 45, 0.310,   20.44,    4.90,    0.88,    9.94,   -1.47,   -0.24,   30.32,    3.61,    0.15
58.6969, 45, 0.310,   25.95,    4.02,    0.93,   10.00,   -1.51,   -0.23,   35.89,    2.76,    0.06
58.7961, 45, 0.310,   28.29,    4.03,    1.02,   10.15,   -1.62,   -0.21,   38.38,    2.70,    0.06
58.8967, 45, 0.299,   28.17,    4.45,    1.12,   10.19,   -1.63,   -0.30,   38.29,    3.16,    0.08
58.9966, 45, 0.299,   29.62,    4.14,    1.09,   10.20,   -1.61,   -0.33,   39.75,    2.89,    0.01
59.0961, 45, 0.299,   28.96,    4.43,    1.15,   10.26,   -1.66,   -0.35,   39.14,    3.15,    0.03
59.1962, 45, 0.299,    5.68,    5.09,    0.25,   10.34,   -1.67,   -0.38,   15.98,    3.47,   -0.29
59.2961, 45, 0.299,    2.19,    4.40,    0.08,   10.33,   -1.60,   -0.42,   12.49,    2.82,   -0.40
59.3961, 45, 0.299,    3.83,    4.29,    0.14,   10.39,   -1.52,   -0.46,   14.17,    2.81,   -0.42
59.4969, 45, 0.299,    9.58,    3.22,    0.27,   10.34,   -1.38,   -0.46,   19.88,    1.93,   -0.41
59.5961, 46, 0.299,    2.96,    4.24,    0.11,   10.27,   -1.35,   -0.43,   13.19,    2.91,   -0.39
59.6961, 46, 0.299,  -17.71,    5.02,   -0.78,   10.18,   -1.37,   -0.40,   -7.52,    3.59,   -0.75
59.7961, 46, 0.299,  -11.19,    5.46,   -0.54,   10.10,   -1.36,   -0.36,   -1.11,    4.06,   -0.63
59.8969, 46, 0.653,  -18.67,    5.09,   -0.84,    9.91,   -1.34,   -0.35,   -8.76,    3.70,   -0.74
59.9969, 46, 0.653,  -22.67,    6.42,   -1.29,    9.79,   -1.33,   -0.34,  -12.86,    5.06,   -1.09
60.0960, 46, 0.653,  -31.99,    6.27,   -1.80,    9.73,   -1.37,   -0.29,  -22.22,    4.95,   -1.32
60.1961, 46, 0.653,  -33.82,    6.16,   -1.87,    9.70,   -1.34,   -0.28,  -24.08,    4.88,   -1.36
60.2966, 46, 0.653,  -34.50,    6.26,   -1.95,    9.64,   -1.29,   -0.29,  -24.82,    5.03,   -1.45
60.3967, 46, 0.653,  -32.87,    6.58,   -1.94,    9.57,   -1.30,   -0.26,  -23.26,    5.34,   -1.45
60.4966, 46, 0.653,  -34.04,    6.42,   -1.97,    9.56,   -1.37,   -0.25,  -24.43,    5.14,   -1.40
60.5966, 46, 0.653,  -21.84,    5.36,   -1.03,    9.43,   -1.28,   -0.20,  -12.38,    4.09,   -0.74
60.6965, 46, 0.653,  -12.15,    3.55,   -0.38,    9.30,   -1.22,   -0.10,   -2.84,    2.34,   -0.22
60.7969, 46, 0.653,  -16.27,    3.04,   -0.43,    9.16,   -1.06,   -0.05,   -7.10,    2.00,   -0.18
60.8968, 46, 0.638,    3.19,    3.50,    0.10,    9.18,   -0.98,   -0.03,   12.36,    2.52,    0.02
60.9960, 46, 0.638,   11.27,    3.04,    0.30,    9.24,   -0.98,   -0.05,   20.50,    2.09,    0.06
61.0962, 46, 0.638,    5.82,    3.61,    0.18,    9.19,   -0.99,   -0.07,   15.00,    2.63,    0.01
61.1963, 46, 0.638,    6.17,    3.75,    0.20,    9.20,   -0.96,   -0.09,   15.35,    2.80,    0.01
61.2964, 46, 0.638,    8.80,    3.66,    0.28,    9.24,   -1.01,   -0.12,   18.03,    2.68,    0.01
61.3964, 46, 0.638,   29.53,    2.70,    0.71,    9.32,   -1.13,   -0.13,   38.83,    1.79,    0.04
61.4965, 46, 0.638,   39.12,    1.24,    0.44,    9.38,   -1.11,   -0.17,   48.48,    0.48,   -0.40
61.5966, 46, 0.638,   30.48,    4.91,    1.34,    9.57,   -1.13,   -0.22,   40.00,    4.04,    0.57
61.6968, 46, 0.638,   35.53,    4.06,    1.30,    9.76,   -1.23,   -0.22,   45.22,    3.18,    0.40
61.7964, 46, 0.638,   33.85,    5.24,    1.60,    9.86,   -1.35,   -0.25,   43.63,    4.26,    0.63
61.8962, 46, 0.629,   32.62,    5.71,    1.67,    9.96,   -1.39,   -0.27,   42.49,    4.69,    0.70
61.9963, 46, 0.629,   33.56,    5.42,    1.64,   10.05,   -1.42,   -0.36,   43.50,    4.44,    0.55
62.0966, 46, 0.629,   26.12,    7.03,    1.63,   10.10,   -1.41,   -0.38,   36.10,    5.92,    0.67
62.1962, 46, 0.629,   12.66,    5.25,    0.58,    9.92,   -1.30,   -0.37,   22.53,    4.06,   -0.06
62.2969, 46, 0.629,   11.52,    4.79,    0.48,    9.86,   -1.13,   -0.36,   21.34,    3.75,   -0.10
62.3961, 46, 0.629,   -5.22,    3.80,   -0.17,    9.68,   -0.96,   -0.34,    4.44,    2.81,   -0.43
62.4965, 46, 0.629,   -3.57,   -0.83,    0.03,    9.49,   -0.76,   -0.33,    5.93,   -1.61,   -0.25
62.5970, 46, 0.629,   -0.87,   -1.21,    0.01,    9.32,   -0.74,   -0.37,    8.47,   -1.96,   -0.34
62.6962, 46, 0.629,  -26.08,    4.95,   -1.15,    9.25,   -0.68,   -0.37,  -16.83,    4.17,   -1.18
62.7961, 46, 0.629,  -19.97,    4.45,   -0.78,    9.20,   -0.60,   -0.34,  -10.78,    3.77,   -0.90
62.8973, 46, 0.465,  -33.72,    6.35,   -1.93,    8.95,   -0.67,   -0.30,  -24.76,    5.63,   -1.80
62.9965, 46, 0.465,  -33.52,    6.28,   -1.89,    8.85,   -0.79,   -0.28,  -24.65,    5.47,   -1.69
63.0957, 46, 0.465,  -34.80,    5.97,   -1.87,    8.87,   -0.81,   -0.26,  -25.91,    5.16,   -1.63
63.1961, 46, 0.465,  -35.16,    5.75,   -1.82,    8.80,   -0.85,   -0.27,  -26.33,    4.91,   -1.55
63.2960, 46, 0.465,   -6.41,    2.59,   -0.14,    8.78,   -0.81,   -0.27,    2.36,    1.76,   -0.33
63.3965, 46, 0.465,   -4.85,    1.19,   -0.05,    8.83,   -0.70,   -0.26,    3.98,    0.47,   -0.25
63.4960, 46, 0.465,    1.72,    0.79,    0.01,    8.83,   -0.64,   -0.28,   10.54,    0.15,   -0.29
63.5959, 46, 0.465,   13.23,   -0.85,   -0.10,    8.88,   -0.54,   -0.34,   22.12,   -1.29,   -0.56
63.6967, 46, 0.465,    7.00,    0.08,    0.00,    8.99,   -0.46,   -0.41,   15.99,   -0.33,   -0.46
63.7959, 46, 0.465,    9.96,   -9.74,   -0.85,    9.01,   -0.51,   -0.43,   19.06,  -10.16,   -1.37
63.8965, 46, 0.477,    9.89,   -9.82,   -0.85,    9.00,   -0.64,   -0.43,   18.99,  -10.38,   -1.39
63.9966, 46, 0.477,   -9.32,   -8.32,    0.68,    8.98,   -0.76,   -0.43,   -0.29,   -9.13,    0.37
64.0959, 46, 0.477,   -6.80,   -8.67,    0.52,    9.02,   -0.95,   -0.40,    2.27,   -9.66,    0.23
64.1965, 46, 0.477,   -6.65,   -8.98,    0.52,    9.01,   -1.16,   -0.41,    2.40,  -10.17,    0.25
64.2959, 46, 0.477,    1.59,  -12.78,   -0.18,    9.07,   -1.17,   -0.40,   10.76,  -13.93,   -0.62
64.3964, 46, 0.477,    3.75,  -15.90,   -0.52,    9.10,   -1.28,   -0.43,   13.00,  -17.15,   -1.06
64.4967, 46, 0.477,    3.71,  -16.19,   -0.53,    9.09,   -1.33,   -0.44,   12.95,  -17.49,   -1.08
64.5960, 46, 0.477,    4.50,  -19.05,   -0.76,    9.07,   -1.29,   -0.42,   13.75,  -20.30,   -1.31
64.6957, 45, 0.477,    4.56,  -18.76,   -0.75,    9.07,   -1.25,   -0.42,   13.80,  -19.97,   -1.30
64.7959, 45, 0.477,    3.96,  -20.31,   -0.71,    9.12,   -1.27,   -0.44,   13.28,  -21.54,   -1.27
64.8962, 45, 0.470,    3.78,  -20.28,   -0.68,    9.13,   -1.30,   -0.42,   13.09,  -21.54,   -1.22
64.9964, 45, 0.470,    3.64,  -20.12,   -0.65,    9.11,   -1.33,   -0.40,   12.93,  -21.42,   -1.16
65.0957, 45, 0.470,    3.48,  -20.25,   -0.62,    9.12,   -1.38,   -0.37,   12.77,  -21.60,   -1.11
65.1965, 45, 0.470,    3.54,  -20.26,   -0.63,    9.12,   -1.37,   -0.38,   12.84,  -21.60,   -1.13
65.2965, 45, 0.470,   11.55,   -8.36,   -0.85,    9.12,   -1.39,   -0.37,   20.78,   -9.65,   -1.50
65.3965, 45, 0.470,    6.74,   -7.35,   -0.43,    9.12,   -1.47,   -0.36,   15.94,   -8.76,   -0.97
65.4961, 45, 0.470,    4.80,   -7.12,   -0.30,    9.12,   -1.48,   -0.37,   13.98,   -8.56,   -0.79
65.5966, 45, 0.470,    9.66,   13.74,    1.17,    9.13,   -1.32,   -0.37,   18.65,   12.49,    0.56
65.6965, 45, 0.470,    3.90,   27.48,    0.95,    9.18,   -1.24,   -0.40,   12.82,   26.27,    0.41
65.7965, 45, 0.470,    3.18,   27.08,    0.77,    9.14,   -1.20,   -0.42,   12.08,   25.91,    0.23
65.8965, 45, 0.500,    6.04,   34.24,    1.86,    9.16,   -1.00,   -0.41,   14.86,   33.29,    1.24
65.9957, 45, 0.500,    8.01,   37.79,    2.75,    9.20,   -0.86,   -0.45,   16.78,   36.99,    2.04
66.0959, 45, 0.500,    5.97,   33.60,    1.80,    9.22,   -0.80,   -0.48,   14.82,   32.85,    1.14
66.1957, 45, 0.500,    6.56,   35.84,    2.12,    9.19,   -0.72,   -0.49,   15.34,   35.18,    1.43
66.2964, 45, 0.500,    1.47,   35.01,    0.46,    9.18,   -0.67,   -0.51,   10.29,   34.36,   -0.17
66.3964, 45, 0.500,    2.08,   34.99,    0.66,    9.17,   -0.59,   -0.51,   10.88,   34.42,    0.01
66.4966, 45, 0.500,    3.70,   35.25,    1.17,    9.20,   -0.45,   -0.54,   12.50,   34.83,    0.48
66.5966, 45, 0.500,    2.69,   34.86,    0.85,    9.22,   -0.39,   -0.53,   11.53,   34.50,    0.18
66.6957, 45, 0.500,    2.82,   35.47,    0.90,    9.17,   -0.45,   -0.52,   11.61,   35.05,    0.25
66.7960, 45, 0.500,    2.79,   32.61,    0.82,    9.13,   -0.45,   -0.49,   11.60,   32.19,    0.21
66.8966, 45, 0.514,   10.97,   -1.69,   -0.16,    9.14,   -0.64,   -0.50,   20.13,   -2.22,   -0.78
66.9960, 45, 0.514,    9.96,  -16.54,   -1.45,    9.17,   -0.78,   -0.53,   19.33,  -17.22,   -2.14
67.0959, 45, 0.514,    4.95,  -15.65,   -0.68,    9.16,   -0.87,   -0.54,   14.28,  -16.47,   -1.32
67.1965, 45, 0.514,    5.66,  -23.48,   -1.18,    9.15,   -0.97,   -0.54,   15.09,  -24.39,   -1.87
67.2966, 45, 0.514,    3.74,  -23.88,   -0.79,    9.14,   -1.10,   -0.56,   13.16,  -24.94,   -1.49
67.3959, 45, 0.514,    5.79,  -20.71,   -1.06,    9.14,   -1.21,   -0.58,   15.19,  -21.86,   -1.81
67.4959, 45, 0.514,    3.61,  -22.06,   -0.70,    9.12,   -1.22,   -0.59,   13.01,  -23.24,   -1.43
67.5958, 45, 0.514,    4.21,  -20.60,   -0.76,    9.15,   -1.23,   -0.60,   13.62,  -21.78,   -1.51
67.6965, 45, 0.514,    4.46,  -20.63,   -0.81,    9.13,   -1.25,   -0.62,   13.86,  -21.83,   -1.58
67.7957, 45, 0.514,    4.16,  -20.66,   -0.76,    9.10,   -1.31,   -0.61,   13.53,  -21.92,   -1.52
67.8964, 45, 0.528,    4.25,  -20.79,   -0.78,    9.02,   -1.33,   -0.57,   13.53,  -22.07,   -1.50
67.9959, 45, 0.528,    8.37,   -7.22,   -0.53,    9.00,   -1.31,   -0.56,   17.46,   -8.44,   -1.29
68.0957, 45, 0.528,    2.67,   16.94,    0.40,    9.03,   -1.20,   -0.57,   11.51,   15.76,   -0.26
68.1958, 45, 0.528,    5.84,   19.33,    1.00,    9.00,   -1.19,   -0.62,   14.59,   18.21,    0.22
68.2959, 45, 0.528,    4.11,   21.78,    0.79,    8.93,   -1.09,   -0.61,   12.77,   20.73,    0.06
68.3958, 45, 0.528,   -1.86,   22.34,   -0.37,    8.92,   -0.89,   -0.59,    6.83,   21.43,   -0.97
68.4965, 45, 0.528,   -4.31,   23.55,   -0.90,    8.95,   -0.75,   -0.60,    4.41,   22.76,   -1.49
68.5964, 45, 0.528,   -3.45,   23.39,   -0.71,    8.96,   -0.60,   -0.63,    5.26,   22.76,   -1.35
68.6960, 45, 0.528,   -4.12,   23.30,   -0.85,    8.96,   -0.48,   -0.64,    4.58,   22.77,   -1.50
68.7960, 45, 0.528,   -2.49,   26.00,   -0.58,    9.00,   -0.42,   -0.66,    6.20,   25.55,   -1.28
68.8957, 45, 0.517,   -0.94,   28.02,   -0.23,    8.92,   -0.34,   -0.68,    7.63,   27.67,   -0.99
68.9957, 45, 0.517,    2.20,   35.05,    0.70,    8.89,   -0.21,   -0.69,   10.61,   34.86,   -0.15
69.0958, 45, 0.517,    4.42,   34.74,    1.38,    8.85,   -0.14,   -0.71,   12.78,   34.65,    0.51
69.1965, 45, 0.517,    2.22,   34.72,    0.69,    8.78,   -0.14,   -0.72,   10.50,   34.60,   -0.19
69.2956, 45, 0.517,    2.10,   34.80,    0.66,    8.78,   -0.07,   -0.69,   10.40,   34.75,   -0.18
69.3956, 45, 0.517,  135.00,   35.26,   75.00,    8.75,   -0.10,   -0.71,  144.05,   35.84,   75.53
69.4961, 45, 0.517,   -0.96,    5.13,   -0.04,    8.73,   -0.09,   -0.70,    7.71,    5.02,   -0.75
69.5965, 45, 0.517,   -0.42,    4.72,   -0.02,    8.67,   -0.06,   -0.68,    8.19,    4.65,   -0.70
69.6965, 46, 0.517,   -2.30,    2.67,   -0.05,    8.65,   -0.08,   -0.66,    6.32,    2.57,   -0.71
69.7959, 46, 0.517,   -0.43,    2.54,   -0.01,    8.68,   -0.07,   -0.64,    8.21,    2.46,   -0.65
69.8965, 46, 0.540,    7.36,    2.95,    0.19,    8.81,   -0.14,   -0.53,   16.14,    2.88,   -0.35
69.9956, 46, 0.540,    6.52,    2.78,    0.16,    9.40,   -0.02,   -0.70,   15.88,    2.83,   -0.54
70.0965, 46, 0.540,  135.00,   35.26,   75.00,    9.37,    0.67,   -0.50,  144.96,   35.14,   76.01
70.1962, 46, 0.540,   -0.45,    9.63,   -0.04,    8.32,    1.12,   -0.71,    7.75,   10.74,   -0.77
70.2965, 46, 0.540,    1.18,    8.80,    0.09,    7.85,    1.61,   -0.94,    8.88,   10.43,   -0.83
70.3964, 46, 0.540,    1.88,    8.94,    0.15,    7.54,    1.89,   -1.17,    9.24,   10.86,   -0.98
70.4964, 46, 0.540,  135.00,   35.26,   75.00,    7.61,    4.36,   -1.00,  145.17,   32.80,   79.50
70.5958, 46, 0.540,  135.00,   35.26,   75.00,    7.94,    7.05,   -0.77,  146.48,   30.65,   81.42
70.6961, 46, 0.540,    3.04,    6.42,    0.17,    8.50,    9.51,   -0.43,   11.59,   15.94,    0.25
70.7958, 46, 0.540,   -5.10,    6.05,   -0.27,    9.61,   12.17,   -0.61,    4.21,   18.12,   -2.02
70.8958, 46, 0.510,    3.34,    2.55,    0.07,   11.13,   13.65,   -0.95,   14.56,   16.24,   -0.07
70.9956, 46, 0.510,  135.00,   35.26,   75.00,   10.71,   12.15,   -0.72,  151.04,   26.73,   85.16
71.0957, 46, 0.510,  135.00,   35.26,   75.00,    9.08,    3.63,   -0.80,  146.21,   33.21,   78.74
71.1964, 46, 0.510,  135.00,   35.26,   75.00,    8.99,   -5.25,   -1.82,  141.96,   40.22,   71.82
71.2964, 46, 0.510,  135.00,   35.26,   75.00,    8.68,   -7.07,   -3.02,  141.05,   42.33,   71.11
71.3965, 46, 0.510,  135.00,   35.26,   75.00,    9.17,  -11.10,   -3.77,  138.96,   45.54,   67.57
71.4958, 46, 0.510,  135.00,   35.26,   75.00,    5.10,  -12.88,   -3.61,  133.39,   46.54,   65.44
71.5965, 46, 0.510,  135.00,   35.26,   75.00,    3.42,  -13.97,   -4.13,  131.01,   47.60,   64.64
71.6958, 46, 0.510,  135.00,   35.26,   75.00,    3.40,  -14.22,   -3.62,  130.56,   47.36,   63.90
71.7956, 46, 0.510,  135.00,   35.26,   75.00,    3.43,  -13.07,   -2.86,  131.27,   46.08,   64.58
71.8956, 46, 0.504,  135.00,   35.26,   75.00,    3.92,  -12.83,   -2.61,  131.86,   45.74,   64.63
71.9964, 46, 0.504,  135.00,   35.26,   75.00,    4.67,  -12.69,   -2.74,  132.76,   45.75,   64.89
72.0964, 46, 0.504,  135.00,   35.26,   75.00,    5.33,  -12.18,   -2.48,  133.73,   45.24,   65.24
